[{"model": "admin.logentry", "pk": 1, "fields": {"action_time": "2021-11-27T02:47:11.902Z", "user": 1, "content_type": 7, "object_id": "1", "object_repr": "Simple Math-Calculations", "action_flag": 1, "change_message": "[{\"added\": {}}]"}}, {"model": "admin.logentry", "pk": 2, "fields": {"action_time": "2021-11-27T02:47:38.469Z", "user": 1, "content_type": 8, "object_id": "1", "object_repr": "1 + 1 = ?", "action_flag": 1, "change_message": "[{\"added\": {}}, {\"added\": {\"name\": \"answer\", \"object\": \"Question: 1 + 1 = ?, Answer: 2, Correct: True\"}}, {\"added\": {\"name\": \"answer\", \"object\": \"Question: 1 + 1 = ?, Answer: 3, Correct: False\"}}, {\"added\": {\"name\": \"answer\", \"object\": \"Question: 1 + 1 = ?, Answer: 4, Correct: False\"}}]"}}, {"model": "admin.logentry", "pk": 3, "fields": {"action_time": "2021-11-27T02:48:07.638Z", "user": 1, "content_type": 8, "object_id": "2", "object_repr": "2 + 4 = ?", "action_flag": 1, "change_message": "[{\"added\": {}}, {\"added\": {\"name\": \"answer\", \"object\": \"Question: 2 + 4 = ?, Answer: 7, Correct: False\"}}, {\"added\": {\"name\": \"answer\", \"object\": \"Question: 2 + 4 = ?, Answer: 6, Correct: True\"}}, {\"added\": {\"name\": \"answer\", \"object\": \"Question: 2 + 4 = ?, Answer: 4, Correct: False\"}}]"}}, {"model": "admin.logentry", "pk": 4, "fields": {"action_time": "2021-11-27T02:48:41.038Z", "user": 1, "content_type": 8, "object_id": "3", "object_repr": "1 + 3 = ?", "action_flag": 1, "change_message": "[{\"added\": {}}, {\"added\": {\"name\": \"answer\", \"object\": \"Question: 1 + 3 = ?, Answer: 3, Correct: False\"}}, {\"added\": {\"name\": \"answer\", \"object\": \"Question: 1 + 3 = ?, Answer: 4, Correct: True\"}}, {\"added\": {\"name\": \"answer\", \"object\": \"Question: 1 + 3 = ?, Answer: 4, Correct: False\"}}, {\"added\": {\"name\": \"answer\", \"object\": \"Question: 1 + 3 = ?, Answer: 7, Correct: False\"}}]"}}, {"model": "admin.logentry", "pk": 5, "fields": {"action_time": "2021-11-27T10:22:28.124Z", "user": 1, "content_type": 7, "object_id": "2", "object_repr": "test-test", "action_flag": 1, "change_message": "[{\"added\": {}}]"}}, {"model": "admin.logentry", "pk": 6, "fields": {"action_time": "2021-11-27T12:04:25.835Z", "user": 1, "content_type": 8, "object_id": "4", "object_repr": "6  +6 = ?", "action_flag": 1, "change_message": "[{\"added\": {}}, {\"added\": {\"name\": \"answer\", \"object\": \"Question: 6  +6 = ?, Answer: 3, Correct: False\"}}, {\"added\": {\"name\": \"answer\", \"object\": \"Question: 6  +6 = ?, Answer: 6, Correct: False\"}}, {\"added\": {\"name\": \"answer\", \"object\": \"Question: 6  +6 = ?, Answer: 12, Correct: True\"}}]"}}, {"model": "admin.logentry", "pk": 7, "fields": {"action_time": "2021-11-28T09:13:30.469Z", "user": 3, "content_type": 7, "object_id": "3", "object_repr": "Physics Class12-Current Electricity", "action_flag": 1, "change_message": "[{\"added\": {}}]"}}, {"model": "admin.logentry", "pk": 8, "fields": {"action_time": "2021-11-28T09:13:30.875Z", "user": 3, "content_type": 7, "object_id": "4", "object_repr": "Physics Class12-Current Electricity", "action_flag": 1, "change_message": "[{\"added\": {}}]"}}, {"model": "admin.logentry", "pk": 9, "fields": {"action_time": "2021-11-28T09:19:55.144Z", "user": 3, "content_type": 8, "object_id": "5", "object_repr": "An electric heater is connected to the voltage supply. After few seconds, current gets its steady value then its initial current will be", "action_flag": 1, "change_message": "[{\"added\": {}}, {\"added\": {\"name\": \"answer\", \"object\": \"Question: An electric heater is connected to the voltage supply. After few seconds, current gets its steady value then its initial current will be, Answer: equal to its steady current, Correct: False\"}}, {\"added\": {\"name\": \"answer\", \"object\": \"Question: An electric heater is connected to the voltage supply. After few seconds, current gets its steady value then its initial current will be, Answer: slightly higher than its steady current, Correct: True\"}}, {\"added\": {\"name\": \"answer\", \"object\": \"Question: An electric heater is connected to the voltage supply. After few seconds, current gets its steady value then its initial current will be, Answer: slightly less than its steady current, Correct: False\"}}, {\"added\": {\"name\": \"answer\", \"object\": \"Question: An electric heater is connected to the voltage supply. After few seconds, current gets its steady value then its initial current will be, Answer: Zero, Correct: False\"}}]"}}, {"model": "admin.logentry", "pk": 10, "fields": {"action_time": "2021-11-28T09:25:49.109Z", "user": 3, "content_type": 8, "object_id": "6", "object_repr": "In the series combination of two or more than two resistances", "action_flag": 1, "change_message": "[{\"added\": {}}, {\"added\": {\"name\": \"answer\", \"object\": \"Question: In the series combination of two or more than two resistances, Answer: (a) the current through each resistance is same., Correct: True\"}}, {\"added\": {\"name\": \"answer\", \"object\": \"Question: In the series combination of two or more than two resistances, Answer: (b) the voltage through each resistance is same., Correct: False\"}}, {\"added\": {\"name\": \"answer\", \"object\": \"Question: In the series combination of two or more than two resistances, Answer: (c) neither current nor voltage through each re-sistance is same., Correct: False\"}}, {\"added\": {\"name\": \"answer\", \"object\": \"Question: In the series combination of two or more than two resistances, Answer: (d) both current and voltage through each resis\\u00actance are same., Correct: False\"}}]"}}, {"model": "admin.logentry", "pk": 11, "fields": {"action_time": "2021-11-28T10:19:05.795Z", "user": 3, "content_type": 8, "object_id": "7", "object_repr": "Combine three resistors 5 Q, 4.5 Q and 3 Q in such a way that the total resistance of this combination is maximum", "action_flag": 1, "change_message": "[{\"added\": {}}, {\"added\": {\"name\": \"answer\", \"object\": \"Question: Combine three resistors 5 Q, 4.5 Q and 3 Q in such a way that the total resistance of this combination is maximum, Answer: 12.5 Q, Correct: True\"}}, {\"added\": {\"name\": \"answer\", \"object\": \"Question: Combine three resistors 5 Q, 4.5 Q and 3 Q in such a way that the total resistance of this combination is maximum, Answer: 13.5 Q, Correct: False\"}}, {\"added\": {\"name\": \"answer\", \"object\": \"Question: Combine three resistors 5 Q, 4.5 Q and 3 Q in such a way that the total resistance of this combination is maximum, Answer: 14.5 Q, Correct: False\"}}, {\"added\": {\"name\": \"answer\", \"object\": \"Question: Combine three resistors 5 Q, 4.5 Q and 3 Q in such a way that the total resistance of this combination is maximum, Answer: 16.5 Q, Correct: False\"}}]"}}, {"model": "admin.logentry", "pk": 12, "fields": {"action_time": "2021-11-28T10:37:28.740Z", "user": 3, "content_type": 8, "object_id": "8", "object_repr": "In parallel combination of n cells, we obtain", "action_flag": 1, "change_message": "[{\"added\": {}}, {\"added\": {\"name\": \"answer\", \"object\": \"Question: In parallel combination of n cells, we obtain, Answer: (a) more voltage, Correct: False\"}}, {\"added\": {\"name\": \"answer\", \"object\": \"Question: In parallel combination of n cells, we obtain, Answer: (b) more current, Correct: False\"}}, {\"added\": {\"name\": \"answer\", \"object\": \"Question: In parallel combination of n cells, we obtain, Answer: (c) less voltage, Correct: False\"}}, {\"added\": {\"name\": \"answer\", \"object\": \"Question: In parallel combination of n cells, we obtain, Answer: (d) less current, Correct: False\"}}]"}}, {"model": "admin.logentry", "pk": 13, "fields": {"action_time": "2021-11-28T10:39:19.058Z", "user": 3, "content_type": 8, "object_id": "8", "object_repr": "In parallel combination of n cells, we obtain", "action_flag": 2, "change_message": "[{\"changed\": {\"name\": \"answer\", \"object\": \"Question: In parallel combination of n cells, we obtain, Answer: (b) more current, Correct: True\", \"fields\": [\"Correct\"]}}]"}}, {"model": "admin.logentry", "pk": 14, "fields": {"action_time": "2021-11-28T10:41:07.079Z", "user": 3, "content_type": 8, "object_id": "9", "object_repr": "In a Wheatstone bridge if the battery and galvanometer are interchanged then the deflection in galvanometer will", "action_flag": 1, "change_message": "[{\"added\": {}}, {\"added\": {\"name\": \"answer\", \"object\": \"Question: In a Wheatstone bridge if the battery and galvanometer are interchanged then the deflection in galvanometer will, Answer: (a) change in previous direction, Correct: False\"}}, {\"added\": {\"name\": \"answer\", \"object\": \"Question: In a Wheatstone bridge if the battery and galvanometer are interchanged then the deflection in galvanometer will, Answer: (b) not change, Correct: True\"}}, {\"added\": {\"name\": \"answer\", \"object\": \"Question: In a Wheatstone bridge if the battery and galvanometer are interchanged then the deflection in galvanometer will, Answer: (c) change in opposite direction, Correct: False\"}}, {\"added\": {\"name\": \"answer\", \"object\": \"Question: In a Wheatstone bridge if the battery and galvanometer are interchanged then the deflection in galvanometer will, Answer: (d) n, Correct: False\"}}]"}}, {"model": "admin.logentry", "pk": 15, "fields": {"action_time": "2021-11-28T10:47:57.453Z", "user": 3, "content_type": 8, "object_id": "10", "object_repr": "When a metal conductor connected to left gap of a meter bridge is heated, the balancing point", "action_flag": 1, "change_message": "[{\"added\": {}}, {\"added\": {\"name\": \"answer\", \"object\": \"Question: When a metal conductor connected to left gap of a meter bridge is heated, the balancing point, Answer: (a) shifts towards right, Correct: True\"}}, {\"added\": {\"name\": \"answer\", \"object\": \"Question: When a metal conductor connected to left gap of a meter bridge is heated, the balancing point, Answer: (b) shifts towards left, Correct: False\"}}, {\"added\": {\"name\": \"answer\", \"object\": \"Question: When a metal conductor connected to left gap of a meter bridge is heated, the balancing point, Answer: (c) remains unchanged, Correct: False\"}}, {\"added\": {\"name\": \"answer\", \"object\": \"Question: When a metal conductor connected to left gap of a meter bridge is heated, the balancing point, Answer: (d) remains at zero, Correct: False\"}}]"}}, {"model": "admin.logentry", "pk": 16, "fields": {"action_time": "2021-11-28T10:56:17.445Z", "user": 3, "content_type": 8, "object_id": "11", "object_repr": "In a potentiometer of 10 wires, the balance point is obtained on the 7th wire. To shift the balance point to 9th wire, we should", "action_flag": 1, "change_message": "[{\"added\": {}}, {\"added\": {\"name\": \"answer\", \"object\": \"Question: In a potentiometer of 10 wires, the balance point is obtained on the 7th wire. To shift the balance point to 9th wire, we should, Answer: (a) decrease resistance in the main circuit., Correct: False\"}}, {\"added\": {\"name\": \"answer\", \"object\": \"Question: In a potentiometer of 10 wires, the balance point is obtained on the 7th wire. To shift the balance point to 9th wire, we should, Answer: (b) increase resistance in the main circuit, Correct: False\"}}, {\"added\": {\"name\": \"answer\", \"object\": \"Question: In a potentiometer of 10 wires, the balance point is obtained on the 7th wire. To shift the balance point to 9th wire, we should, Answer: (c) decrease resistance in series with the cell whose emf is to be measured., Correct: False\"}}, {\"added\": {\"name\": \"answer\", \"object\": \"Question: In a potentiometer of 10 wires, the balance point is obtained on the 7th wire. To shift the balance point to 9th wire, we should, Answer: (d) increase resistance in series with the cell whose emf is to be determined., Correct: True\"}}]"}}, {"model": "admin.logentry", "pk": 17, "fields": {"action_time": "2021-11-28T11:02:55.372Z", "user": 3, "content_type": 8, "object_id": "12", "object_repr": "A charge is moving across a junction, then", "action_flag": 1, "change_message": "[{\"added\": {}}, {\"added\": {\"name\": \"answer\", \"object\": \"Question: A charge is moving across a junction, then, Answer: (a) momentum will be conserved., Correct: False\"}}, {\"added\": {\"name\": \"answer\", \"object\": \"Question: A charge is moving across a junction, then, Answer: (b) momentum will not be conserved., Correct: False\"}}, {\"added\": {\"name\": \"answer\", \"object\": \"Question: A charge is moving across a junction, then, Answer: (c) at some places momenturii will be conserved and at some other places momentum will no, Correct: False\"}}, {\"added\": {\"name\": \"answer\", \"object\": \"Question: A charge is moving across a junction, then, Answer: (d) none of these., Correct: True\"}}]"}}, {"model": "admin.logentry", "pk": 18, "fields": {"action_time": "2021-11-28T11:10:43.186Z", "user": 3, "content_type": 8, "object_id": "13", "object_repr": "The resistivity of alloy manganin is", "action_flag": 1, "change_message": "[{\"added\": {}}, {\"added\": {\"name\": \"answer\", \"object\": \"Question: The resistivity of alloy manganin is, Answer: (a) Nearly independent of temperature, Correct: True\"}}, {\"added\": {\"name\": \"answer\", \"object\": \"Question: The resistivity of alloy manganin is, Answer: (b) Increases rapidly with increase in temperature, Correct: False\"}}, {\"added\": {\"name\": \"answer\", \"object\": \"Question: The resistivity of alloy manganin is, Answer: (c) Decreases with increase in temperature, Correct: False\"}}, {\"added\": {\"name\": \"answer\", \"object\": \"Question: The resistivity of alloy manganin is, Answer: (d) Increases rapidly with decrease in temperature, Correct: False\"}}]"}}, {"model": "admin.logentry", "pk": 19, "fields": {"action_time": "2021-11-28T11:26:52.361Z", "user": 3, "content_type": 8, "object_id": "14", "object_repr": "The resistivity of alloy manganin is", "action_flag": 1, "change_message": "[{\"added\": {}}, {\"added\": {\"name\": \"answer\", \"object\": \"Question: The resistivity of alloy manganin is, Answer: (a) Nearly independent of temperature, Correct: True\"}}, {\"added\": {\"name\": \"answer\", \"object\": \"Question: The resistivity of alloy manganin is, Answer: (b) Increases rapidly with increase in temperature, Correct: False\"}}, {\"added\": {\"name\": \"answer\", \"object\": \"Question: The resistivity of alloy manganin is, Answer: (c) Decreases with increase in temperature, Correct: False\"}}, {\"added\": {\"name\": \"answer\", \"object\": \"Question: The resistivity of alloy manganin is, Answer: (d) Increases rapidly with decrease in temperature, Correct: False\"}}]"}}, {"model": "admin.logentry", "pk": 20, "fields": {"action_time": "2021-12-02T06:56:33.965Z", "user": 3, "content_type": 7, "object_id": "4", "object_repr": "Physics Class12-Current Electricity", "action_flag": 3, "change_message": ""}}, {"model": "admin.logentry", "pk": 21, "fields": {"action_time": "2021-12-03T08:37:17.500Z", "user": 1, "content_type": 8, "object_id": "14", "object_repr": "The resistivity of alloy manganin is", "action_flag": 3, "change_message": ""}}, {"model": "admin.logentry", "pk": 22, "fields": {"action_time": "2021-12-06T14:28:32.395Z", "user": 1, "content_type": 4, "object_id": "1", "object_repr": "rpras", "action_flag": 2, "change_message": "[{\"changed\": {\"fields\": [\"Email address\"]}}]"}}, {"model": "admin.logentry", "pk": 23, "fields": {"action_time": "2021-12-06T14:28:57.472Z", "user": 1, "content_type": 4, "object_id": "1", "object_repr": "rpras", "action_flag": 2, "change_message": "[{\"changed\": {\"fields\": [\"Email address\"]}}]"}}, {"model": "admin.logentry", "pk": 24, "fields": {"action_time": "2021-12-06T14:36:27.403Z", "user": 1, "content_type": 4, "object_id": "1", "object_repr": "rpras", "action_flag": 2, "change_message": "[{\"changed\": {\"fields\": [\"First name\", \"Last name\"]}}]"}}, {"model": "admin.logentry", "pk": 25, "fields": {"action_time": "2021-12-13T10:06:34.912Z", "user": 1, "content_type": 8, "object_id": "14", "object_repr": "this is ____ in the blanks", "action_flag": 1, "change_message": "[{\"added\": {}}, {\"added\": {\"name\": \"answer\", \"object\": \"Question: this is ____ in the blanks, Answer: fill, Correct: True\"}}]"}}, {"model": "admin.logentry", "pk": 26, "fields": {"action_time": "2021-12-13T10:06:46.798Z", "user": 1, "content_type": 7, "object_id": "1", "object_repr": "Simple Math-Calculations", "action_flag": 2, "change_message": "[{\"changed\": {\"fields\": [\"Number of questions\"]}}]"}}, {"model": "admin.logentry", "pk": 27, "fields": {"action_time": "2021-12-13T10:34:15.244Z", "user": 1, "content_type": 8, "object_id": "4", "object_repr": "6  +6 = ?", "action_flag": 3, "change_message": ""}}, {"model": "admin.logentry", "pk": 28, "fields": {"action_time": "2021-12-13T11:53:28.019Z", "user": 1, "content_type": 7, "object_id": "1", "object_repr": "Simple Math-Calculations", "action_flag": 2, "change_message": "[{\"changed\": {\"fields\": [\"Number of questions\"]}}]"}}, {"model": "admin.logentry", "pk": 29, "fields": {"action_time": "2021-12-13T11:54:12.195Z", "user": 1, "content_type": 8, "object_id": "15", "object_repr": "Abhi the _____", "action_flag": 1, "change_message": "[{\"added\": {}}, {\"added\": {\"name\": \"answer\", \"object\": \"Question: Abhi the _____, Answer: great, Correct: True\"}}]"}}, {"model": "admin.logentry", "pk": 30, "fields": {"action_time": "2021-12-13T11:54:23.790Z", "user": 1, "content_type": 8, "object_id": "14", "object_repr": "this is ____ in the blanks", "action_flag": 2, "change_message": "[]"}}, {"model": "admin.logentry", "pk": 31, "fields": {"action_time": "2021-12-13T11:54:32.111Z", "user": 1, "content_type": 8, "object_id": "15", "object_repr": "Abhi the _____", "action_flag": 2, "change_message": "[]"}}, {"model": "admin.logentry", "pk": 32, "fields": {"action_time": "2021-12-14T07:01:01.194Z", "user": 1, "content_type": 14, "object_id": "7", "object_repr": "User: rpras, Std (Class): 3", "action_flag": 3, "change_message": ""}}, {"model": "admin.logentry", "pk": 33, "fields": {"action_time": "2021-12-14T07:05:48.178Z", "user": 1, "content_type": 14, "object_id": "6", "object_repr": "User: rpras, Std (Class): 3", "action_flag": 3, "change_message": ""}}, {"model": "admin.logentry", "pk": 34, "fields": {"action_time": "2021-12-14T07:05:48.235Z", "user": 1, "content_type": 14, "object_id": "5", "object_repr": "User: , Std (Class): 3", "action_flag": 3, "change_message": ""}}, {"model": "admin.logentry", "pk": 35, "fields": {"action_time": "2021-12-14T07:05:48.286Z", "user": 1, "content_type": 14, "object_id": "4", "object_repr": "User: , Std (Class): 3", "action_flag": 3, "change_message": ""}}, {"model": "admin.logentry", "pk": 36, "fields": {"action_time": "2021-12-14T07:05:48.337Z", "user": 1, "content_type": 14, "object_id": "3", "object_repr": "User: , Std (Class): 3", "action_flag": 3, "change_message": ""}}, {"model": "admin.logentry", "pk": 37, "fields": {"action_time": "2021-12-14T07:05:48.420Z", "user": 1, "content_type": 14, "object_id": "2", "object_repr": "User: , Std (Class): 3", "action_flag": 3, "change_message": ""}}, {"model": "admin.logentry", "pk": 38, "fields": {"action_time": "2021-12-14T07:05:48.515Z", "user": 1, "content_type": 14, "object_id": "1", "object_repr": "User: , Std (Class): 3", "action_flag": 3, "change_message": ""}}, {"model": "admin.logentry", "pk": 39, "fields": {"action_time": "2021-12-14T07:26:53.813Z", "user": 1, "content_type": 14, "object_id": "2", "object_repr": "User: testing2, Std (Class): 3", "action_flag": 3, "change_message": ""}}, {"model": "admin.logentry", "pk": 40, "fields": {"action_time": "2021-12-14T07:37:45.878Z", "user": 1, "content_type": 14, "object_id": "3", "object_repr": "User: testing2, Std (Class): 3", "action_flag": 3, "change_message": ""}}, {"model": "admin.logentry", "pk": 41, "fields": {"action_time": "2021-12-14T07:56:30.186Z", "user": 1, "content_type": 14, "object_id": "4", "object_repr": "User: testing2, Std (Class): 3", "action_flag": 3, "change_message": ""}}, {"model": "admin.logentry", "pk": 42, "fields": {"action_time": "2021-12-15T13:02:13.888Z", "user": 1, "content_type": 16, "object_id": "1", "object_repr": "Physics-3", "action_flag": 1, "change_message": "[{\"added\": {}}]"}}, {"model": "admin.logentry", "pk": 43, "fields": {"action_time": "2021-12-15T13:09:44.759Z", "user": 1, "content_type": 16, "object_id": "2", "object_repr": "chemistry-3", "action_flag": 1, "change_message": "[{\"added\": {}}]"}}, {"model": "admin.logentry", "pk": 44, "fields": {"action_time": "2021-12-15T13:10:01.015Z", "user": 1, "content_type": 16, "object_id": "3", "object_repr": "chemistry-5", "action_flag": 1, "change_message": "[{\"added\": {}}]"}}, {"model": "admin.logentry", "pk": 45, "fields": {"action_time": "2021-12-15T13:37:24.134Z", "user": 1, "content_type": 7, "object_id": "4", "object_repr": "chap-1-thermo", "action_flag": 1, "change_message": "[{\"added\": {}}]"}}, {"model": "admin.logentry", "pk": 46, "fields": {"action_time": "2021-12-15T13:40:18.712Z", "user": 1, "content_type": 7, "object_id": "5", "object_repr": "Pysics3 Light-Light", "action_flag": 1, "change_message": "[{\"added\": {}}]"}}, {"model": "admin.logentry", "pk": 47, "fields": {"action_time": "2021-12-15T13:41:31.175Z", "user": 1, "content_type": 8, "object_id": "16", "object_repr": "Light is ____ radiation", "action_flag": 1, "change_message": "[{\"added\": {}}, {\"added\": {\"name\": \"answer\", \"object\": \"Question: Light is ____ radiation, Answer: EM, Correct: True\"}}, {\"added\": {\"name\": \"answer\", \"object\": \"Question: Light is ____ radiation, Answer: electric, Correct: False\"}}, {\"added\": {\"name\": \"answer\", \"object\": \"Question: Light is ____ radiation, Answer: magnetic, Correct: False\"}}]"}}, {"model": "admin.logentry", "pk": 48, "fields": {"action_time": "2021-12-15T14:17:01.205Z", "user": 1, "content_type": 8, "object_id": "17", "object_repr": "thermo", "action_flag": 1, "change_message": "[{\"added\": {}}, {\"added\": {\"name\": \"answer\", \"object\": \"Question: thermo, Answer: 1, Correct: True\"}}, {\"added\": {\"name\": \"answer\", \"object\": \"Question: thermo, Answer: 2, Correct: False\"}}, {\"added\": {\"name\": \"answer\", \"object\": \"Question: thermo, Answer: 3, Correct: False\"}}]"}}, {"model": "admin.logentry", "pk": 49, "fields": {"action_time": "2021-12-15T15:12:17.083Z", "user": 1, "content_type": 10, "object_id": "141", "object_repr": "141", "action_flag": 3, "change_message": ""}}, {"model": "admin.logentry", "pk": 50, "fields": {"action_time": "2021-12-20T05:59:52.667Z", "user": 1, "content_type": 4, "object_id": "18", "object_repr": "usertoday", "action_flag": 3, "change_message": ""}}, {"model": "admin.logentry", "pk": 51, "fields": {"action_time": "2021-12-20T06:07:23.346Z", "user": 1, "content_type": 4, "object_id": "19", "object_repr": "usertoday", "action_flag": 3, "change_message": ""}}, {"model": "admin.logentry", "pk": 52, "fields": {"action_time": "2021-12-20T06:11:26.760Z", "user": 1, "content_type": 4, "object_id": "20", "object_repr": "usertoday", "action_flag": 3, "change_message": ""}}, {"model": "admin.logentry", "pk": 53, "fields": {"action_time": "2021-12-20T06:39:20.849Z", "user": 1, "content_type": 14, "object_id": "3", "object_repr": "3", "action_flag": 2, "change_message": "[{\"changed\": {\"fields\": [\"Std\"]}}]"}}, {"model": "admin.logentry", "pk": 54, "fields": {"action_time": "2021-12-20T06:51:46.757Z", "user": 1, "content_type": 16, "object_id": "4", "object_repr": "Ch. 1 Living World and Classification of Microbes-8", "action_flag": 1, "change_message": "[{\"added\": {}}]"}}, {"model": "admin.logentry", "pk": 55, "fields": {"action_time": "2021-12-20T06:52:37.314Z", "user": 1, "content_type": 16, "object_id": "4", "object_repr": "C-8 Ch. 1 Living World and Classification of Microbes-8", "action_flag": 2, "change_message": "[{\"changed\": {\"fields\": [\"Name\"]}}]"}}, {"model": "admin.logentry", "pk": 56, "fields": {"action_time": "2021-12-20T06:53:35.475Z", "user": 1, "content_type": 16, "object_id": "4", "object_repr": "C-8 Science-8", "action_flag": 2, "change_message": "[{\"changed\": {\"fields\": [\"Name\"]}}]"}}, {"model": "admin.logentry", "pk": 57, "fields": {"action_time": "2021-12-20T06:53:50.008Z", "user": 1, "content_type": 16, "object_id": "4", "object_repr": "Science-8", "action_flag": 2, "change_message": "[{\"changed\": {\"fields\": [\"Name\"]}}]"}}, {"model": "admin.logentry", "pk": 58, "fields": {"action_time": "2021-12-20T06:55:03.160Z", "user": 1, "content_type": 7, "object_id": "6", "object_repr": "Ch. 1-Living World and Classification of Microbes", "action_flag": 1, "change_message": "[{\"added\": {}}]"}}, {"model": "admin.logentry", "pk": 59, "fields": {"action_time": "2021-12-20T07:00:20.838Z", "user": 1, "content_type": 8, "object_id": "18", "object_repr": "Which of the following is unicellular organism?", "action_flag": 1, "change_message": "[{\"added\": {}}, {\"added\": {\"name\": \"answer\", \"object\": \"Question: Which of the following is unicellular organism?, Answer: Bacteria, Correct: True\"}}, {\"added\": {\"name\": \"answer\", \"object\": \"Question: Which of the following is unicellular organism?, Answer: Humans, Correct: False\"}}, {\"added\": {\"name\": \"answer\", \"object\": \"Question: Which of the following is unicellular organism?, Answer: Plants, Correct: False\"}}, {\"added\": {\"name\": \"answer\", \"object\": \"Question: Which of the following is unicellular organism?, Answer: Elephants, Correct: False\"}}]"}}, {"model": "admin.logentry", "pk": 60, "fields": {"action_time": "2021-12-20T07:02:36.559Z", "user": 1, "content_type": 8, "object_id": "19", "object_repr": "Which of the following is the life-style of plants?", "action_flag": 1, "change_message": "[{\"added\": {}}, {\"added\": {\"name\": \"answer\", \"object\": \"Question: Which of the following is the life-style of plants?, Answer: Producers, Correct: True\"}}, {\"added\": {\"name\": \"answer\", \"object\": \"Question: Which of the following is the life-style of plants?, Answer: Consumers, Correct: False\"}}, {\"added\": {\"name\": \"answer\", \"object\": \"Question: Which of the following is the life-style of plants?, Answer: Decomposers, Correct: False\"}}]"}}, {"model": "admin.logentry", "pk": 61, "fields": {"action_time": "2021-12-20T07:06:54.226Z", "user": 1, "content_type": 8, "object_id": "20", "object_repr": "Among the living organisms, which organisms are largest in number?", "action_flag": 1, "change_message": "[{\"added\": {}}, {\"added\": {\"name\": \"answer\", \"object\": \"Question: Among the living organisms, which organisms are largest in number?, Answer: Humans, Correct: False\"}}, {\"added\": {\"name\": \"answer\", \"object\": \"Question: Among the living organisms, which organisms are largest in number?, Answer: Plants, Correct: False\"}}, {\"added\": {\"name\": \"answer\", \"object\": \"Question: Among the living organisms, which organisms are largest in number?, Answer: Microorganisms, Correct: True\"}}]"}}, {"model": "admin.logentry", "pk": 62, "fields": {"action_time": "2021-12-20T07:09:10.182Z", "user": 1, "content_type": 7, "object_id": "6", "object_repr": "Ch. 1-Living World and Classification of Microbes", "action_flag": 2, "change_message": "[{\"changed\": {\"fields\": [\"Number of questions\", \"Time\"]}}]"}}, {"model": "admin.logentry", "pk": 63, "fields": {"action_time": "2021-12-20T07:09:25.625Z", "user": 1, "content_type": 14, "object_id": "3", "object_repr": "3", "action_flag": 2, "change_message": "[{\"changed\": {\"fields\": [\"Std\"]}}]"}}, {"model": "admin.logentry", "pk": 64, "fields": {"action_time": "2021-12-31T16:17:22.897Z", "user": 1, "content_type": 14, "object_id": "6", "object_repr": "abhi54-3", "action_flag": 1, "change_message": "[{\"added\": {}}]"}}, {"model": "admin.logentry", "pk": 65, "fields": {"action_time": "2022-01-01T05:59:22.520Z", "user": 1, "content_type": 4, "object_id": "6", "object_repr": "ABHI", "action_flag": 3, "change_message": ""}}, {"model": "admin.logentry", "pk": 66, "fields": {"action_time": "2022-01-01T05:59:22.783Z", "user": 1, "content_type": 4, "object_id": "5", "object_repr": "Siddhu", "action_flag": 3, "change_message": ""}}, {"model": "admin.logentry", "pk": 67, "fields": {"action_time": "2022-01-01T05:59:22.900Z", "user": 1, "content_type": 4, "object_id": "16", "object_repr": "testing1", "action_flag": 3, "change_message": ""}}, {"model": "admin.logentry", "pk": 68, "fields": {"action_time": "2022-01-01T05:59:23.049Z", "user": 1, "content_type": 4, "object_id": "17", "object_repr": "testing2", "action_flag": 3, "change_message": ""}}, {"model": "admin.logentry", "pk": 69, "fields": {"action_time": "2022-01-01T06:00:44.608Z", "user": 1, "content_type": 14, "object_id": "2", "object_repr": "testing2-3", "action_flag": 3, "change_message": ""}}, {"model": "admin.logentry", "pk": 70, "fields": {"action_time": "2022-01-01T06:10:20.598Z", "user": 1, "content_type": 14, "object_id": "7", "object_repr": "Siddhant-4", "action_flag": 1, "change_message": "[{\"added\": {}}]"}}, {"model": "admin.logentry", "pk": 71, "fields": {"action_time": "2022-01-01T06:11:19.526Z", "user": 1, "content_type": 14, "object_id": "8", "object_repr": "Rahul-5", "action_flag": 1, "change_message": "[{\"added\": {}}]"}}, {"model": "admin.logentry", "pk": 72, "fields": {"action_time": "2022-01-01T06:12:08.964Z", "user": 1, "content_type": 14, "object_id": "9", "object_repr": "Shankar-10", "action_flag": 1, "change_message": "[{\"added\": {}}]"}}, {"model": "admin.logentry", "pk": 73, "fields": {"action_time": "2022-01-01T06:12:26.682Z", "user": 1, "content_type": 14, "object_id": "10", "object_repr": "Harsh-11", "action_flag": 1, "change_message": "[{\"added\": {}}]"}}, {"model": "admin.logentry", "pk": 74, "fields": {"action_time": "2022-01-01T06:12:44.833Z", "user": 1, "content_type": 14, "object_id": "11", "object_repr": "Sarvesh-10", "action_flag": 1, "change_message": "[{\"added\": {}}]"}}, {"model": "admin.logentry", "pk": 75, "fields": {"action_time": "2022-01-01T06:13:05.785Z", "user": 1, "content_type": 14, "object_id": "12", "object_repr": "Dnyaneshwar-10", "action_flag": 1, "change_message": "[{\"added\": {}}]"}}, {"model": "admin.logentry", "pk": 76, "fields": {"action_time": "2022-01-01T06:13:18.973Z", "user": 1, "content_type": 14, "object_id": "13", "object_repr": "Mariya-10", "action_flag": 1, "change_message": "[{\"added\": {}}]"}}, {"model": "admin.logentry", "pk": 77, "fields": {"action_time": "2022-01-01T06:13:33.359Z", "user": 1, "content_type": 14, "object_id": "14", "object_repr": "Omkar-9", "action_flag": 1, "change_message": "[{\"added\": {}}]"}}, {"model": "admin.logentry", "pk": 78, "fields": {"action_time": "2022-01-01T06:13:50.089Z", "user": 1, "content_type": 14, "object_id": "15", "object_repr": "Anthony-8", "action_flag": 1, "change_message": "[{\"added\": {}}]"}}, {"model": "admin.logentry", "pk": 79, "fields": {"action_time": "2022-01-01T06:14:29.406Z", "user": 1, "content_type": 14, "object_id": "16", "object_repr": "prashant01-7", "action_flag": 1, "change_message": "[{\"added\": {}}]"}}, {"model": "admin.logentry", "pk": 80, "fields": {"action_time": "2022-01-03T14:06:22.859Z", "user": 1, "content_type": 14, "object_id": "3", "object_repr": "usertoday-3", "action_flag": 2, "change_message": "[{\"changed\": {\"fields\": [\"Std\"]}}]"}}, {"model": "admin.logentry", "pk": 81, "fields": {"action_time": "2022-01-09T15:03:16.770Z", "user": 1, "content_type": 14, "object_id": "16", "object_repr": "prashant01-7", "action_flag": 2, "change_message": "[]"}}, {"model": "admin.logentry", "pk": 82, "fields": {"action_time": "2022-01-09T15:07:01.508Z", "user": 1, "content_type": 14, "object_id": "16", "object_repr": "prashant01-7", "action_flag": 2, "change_message": "[]"}}, {"model": "admin.logentry", "pk": 83, "fields": {"action_time": "2022-01-09T15:07:07.332Z", "user": 1, "content_type": 14, "object_id": "16", "object_repr": "prashant01-7", "action_flag": 2, "change_message": "[]"}}, {"model": "admin.logentry", "pk": 84, "fields": {"action_time": "2022-01-09T15:09:07.282Z", "user": 1, "content_type": 14, "object_id": "16", "object_repr": "prashant01-7", "action_flag": 2, "change_message": "[]"}}, {"model": "admin.logentry", "pk": 85, "fields": {"action_time": "2022-01-09T15:09:13.087Z", "user": 1, "content_type": 14, "object_id": "16", "object_repr": "prashant01-7", "action_flag": 2, "change_message": "[]"}}, {"model": "admin.logentry", "pk": 86, "fields": {"action_time": "2022-01-09T15:09:46.733Z", "user": 1, "content_type": 14, "object_id": "15", "object_repr": "Anthony-8", "action_flag": 2, "change_message": "[]"}}, {"model": "admin.logentry", "pk": 87, "fields": {"action_time": "2022-01-09T15:11:30.167Z", "user": 1, "content_type": 14, "object_id": "15", "object_repr": "Anthony-8", "action_flag": 2, "change_message": "[]"}}, {"model": "admin.logentry", "pk": 88, "fields": {"action_time": "2022-01-09T15:13:44.618Z", "user": 1, "content_type": 14, "object_id": "16", "object_repr": "prashant01-7", "action_flag": 2, "change_message": "[]"}}, {"model": "admin.logentry", "pk": 89, "fields": {"action_time": "2022-01-09T15:14:00.686Z", "user": 1, "content_type": 14, "object_id": "14", "object_repr": "Omkar-9", "action_flag": 2, "change_message": "[]"}}, {"model": "admin.logentry", "pk": 90, "fields": {"action_time": "2022-01-09T15:14:19.333Z", "user": 1, "content_type": 14, "object_id": "13", "object_repr": "Mariya-10", "action_flag": 2, "change_message": "[]"}}, {"model": "admin.logentry", "pk": 91, "fields": {"action_time": "2022-01-09T15:14:26.210Z", "user": 1, "content_type": 14, "object_id": "12", "object_repr": "Dnyaneshwar-10", "action_flag": 2, "change_message": "[]"}}, {"model": "admin.logentry", "pk": 92, "fields": {"action_time": "2022-01-09T15:14:32.050Z", "user": 1, "content_type": 14, "object_id": "11", "object_repr": "Sarvesh-10", "action_flag": 2, "change_message": "[]"}}, {"model": "admin.logentry", "pk": 93, "fields": {"action_time": "2022-01-09T15:14:38.565Z", "user": 1, "content_type": 14, "object_id": "10", "object_repr": "Harsh-11", "action_flag": 2, "change_message": "[]"}}, {"model": "admin.logentry", "pk": 94, "fields": {"action_time": "2022-01-09T15:14:49.155Z", "user": 1, "content_type": 14, "object_id": "9", "object_repr": "Shankar-10", "action_flag": 2, "change_message": "[]"}}, {"model": "admin.logentry", "pk": 95, "fields": {"action_time": "2022-01-09T15:14:55.527Z", "user": 1, "content_type": 14, "object_id": "8", "object_repr": "Rahul-5", "action_flag": 2, "change_message": "[]"}}, {"model": "admin.logentry", "pk": 96, "fields": {"action_time": "2022-01-09T15:15:01.824Z", "user": 1, "content_type": 14, "object_id": "7", "object_repr": "Siddhant-4", "action_flag": 2, "change_message": "[]"}}, {"model": "admin.logentry", "pk": 97, "fields": {"action_time": "2022-01-09T15:15:08.104Z", "user": 1, "content_type": 14, "object_id": "6", "object_repr": "abhi54-3", "action_flag": 2, "change_message": "[]"}}, {"model": "admin.logentry", "pk": 98, "fields": {"action_time": "2022-01-09T15:15:14.302Z", "user": 1, "content_type": 14, "object_id": "5", "object_repr": "user2C8-8", "action_flag": 2, "change_message": "[]"}}, {"model": "admin.logentry", "pk": 99, "fields": {"action_time": "2022-01-09T15:15:21.514Z", "user": 1, "content_type": 14, "object_id": "4", "object_repr": "user1C8-8", "action_flag": 2, "change_message": "[]"}}, {"model": "admin.logentry", "pk": 100, "fields": {"action_time": "2022-01-09T15:15:27.382Z", "user": 1, "content_type": 14, "object_id": "3", "object_repr": "usertoday-3", "action_flag": 2, "change_message": "[]"}}, {"model": "admin.logentry", "pk": 101, "fields": {"action_time": "2022-01-09T15:15:35.618Z", "user": 1, "content_type": 14, "object_id": "1", "object_repr": "rpras-3", "action_flag": 2, "change_message": "[]"}}, {"model": "admin.logentry", "pk": 102, "fields": {"action_time": "2022-01-09T17:02:11.319Z", "user": 1, "content_type": 14, "object_id": "18", "object_repr": "newuser2-3", "action_flag": 3, "change_message": ""}}, {"model": "admin.logentry", "pk": 103, "fields": {"action_time": "2022-01-09T17:02:27.258Z", "user": 1, "content_type": 4, "object_id": "25", "object_repr": "newuser2", "action_flag": 3, "change_message": ""}}, {"model": "admin.logentry", "pk": 104, "fields": {"action_time": "2022-01-10T10:08:58.406Z", "user": 1, "content_type": 4, "object_id": "27", "object_repr": "newuserrrr", "action_flag": 3, "change_message": ""}}, {"model": "admin.logentry", "pk": 105, "fields": {"action_time": "2022-01-13T13:08:24.452Z", "user": 1, "content_type": 10, "object_id": "160", "object_repr": "abhi54-Pysics3 Light-Light", "action_flag": 2, "change_message": "[{\"changed\": {\"fields\": [\"Score\", \"Date1\"]}}]"}}, {"model": "admin.logentry", "pk": 106, "fields": {"action_time": "2022-01-15T06:38:01.026Z", "user": 1, "content_type": 17, "object_id": "2", "object_repr": "usertoday", "action_flag": 3, "change_message": ""}}, {"model": "admin.logentry", "pk": 107, "fields": {"action_time": "2022-01-21T12:40:03.946Z", "user": 1, "content_type": 4, "object_id": "21", "object_repr": "usertoday", "action_flag": 2, "change_message": "[{\"changed\": {\"fields\": [\"First name\", \"Last name\"]}}]"}}, {"model": "admin.logentry", "pk": 108, "fields": {"action_time": "2022-01-21T13:06:10.217Z", "user": 1, "content_type": 4, "object_id": "21", "object_repr": "usertoday", "action_flag": 2, "change_message": "[{\"changed\": {\"fields\": [\"First name\", \"Last name\"]}}]"}}, {"model": "admin.logentry", "pk": 109, "fields": {"action_time": "2022-04-09T10:43:29.324Z", "user": 1, "content_type": 7, "object_id": "1", "object_repr": "Simple Math-Calculations", "action_flag": 2, "change_message": "[{\"changed\": {\"fields\": [\"Subject\"]}}]"}}, {"model": "admin.logentry", "pk": 110, "fields": {"action_time": "2022-04-12T16:34:28.653Z", "user": 1, "content_type": 18, "object_id": "10", "object_repr": "attendanceTable object (10)", "action_flag": 3, "change_message": ""}}, {"model": "admin.logentry", "pk": 111, "fields": {"action_time": "2022-04-12T16:34:28.741Z", "user": 1, "content_type": 18, "object_id": "9", "object_repr": "attendanceTable object (9)", "action_flag": 3, "change_message": ""}}, {"model": "admin.logentry", "pk": 112, "fields": {"action_time": "2022-04-12T16:34:28.792Z", "user": 1, "content_type": 18, "object_id": "8", "object_repr": "attendanceTable object (8)", "action_flag": 3, "change_message": ""}}, {"model": "admin.logentry", "pk": 113, "fields": {"action_time": "2022-04-12T16:34:28.843Z", "user": 1, "content_type": 18, "object_id": "7", "object_repr": "attendanceTable object (7)", "action_flag": 3, "change_message": ""}}, {"model": "admin.logentry", "pk": 114, "fields": {"action_time": "2022-04-12T16:34:28.894Z", "user": 1, "content_type": 18, "object_id": "6", "object_repr": "attendanceTable object (6)", "action_flag": 3, "change_message": ""}}, {"model": "admin.logentry", "pk": 115, "fields": {"action_time": "2022-04-12T16:34:28.944Z", "user": 1, "content_type": 18, "object_id": "5", "object_repr": "attendanceTable object (5)", "action_flag": 3, "change_message": ""}}, {"model": "admin.logentry", "pk": 116, "fields": {"action_time": "2022-04-12T16:34:28.995Z", "user": 1, "content_type": 18, "object_id": "4", "object_repr": "attendanceTable object (4)", "action_flag": 3, "change_message": ""}}, {"model": "admin.logentry", "pk": 117, "fields": {"action_time": "2022-04-12T16:34:29.046Z", "user": 1, "content_type": 18, "object_id": "3", "object_repr": "attendanceTable object (3)", "action_flag": 3, "change_message": ""}}, {"model": "admin.logentry", "pk": 118, "fields": {"action_time": "2022-04-12T16:34:29.097Z", "user": 1, "content_type": 18, "object_id": "2", "object_repr": "attendanceTable object (2)", "action_flag": 3, "change_message": ""}}, {"model": "admin.logentry", "pk": 119, "fields": {"action_time": "2022-04-12T16:34:29.147Z", "user": 1, "content_type": 18, "object_id": "1", "object_repr": "attendanceTable object (1)", "action_flag": 3, "change_message": ""}}, {"model": "admin.logentry", "pk": 120, "fields": {"action_time": "2022-04-12T16:39:29.485Z", "user": 1, "content_type": 18, "object_id": "30", "object_repr": "attendanceTable object (30)", "action_flag": 3, "change_message": ""}}, {"model": "admin.logentry", "pk": 121, "fields": {"action_time": "2022-04-12T16:39:29.677Z", "user": 1, "content_type": 18, "object_id": "29", "object_repr": "attendanceTable object (29)", "action_flag": 3, "change_message": ""}}, {"model": "admin.logentry", "pk": 122, "fields": {"action_time": "2022-04-12T16:39:29.729Z", "user": 1, "content_type": 18, "object_id": "28", "object_repr": "attendanceTable object (28)", "action_flag": 3, "change_message": ""}}, {"model": "admin.logentry", "pk": 123, "fields": {"action_time": "2022-04-12T16:39:29.779Z", "user": 1, "content_type": 18, "object_id": "27", "object_repr": "attendanceTable object (27)", "action_flag": 3, "change_message": ""}}, {"model": "admin.logentry", "pk": 124, "fields": {"action_time": "2022-04-12T16:39:29.830Z", "user": 1, "content_type": 18, "object_id": "26", "object_repr": "attendanceTable object (26)", "action_flag": 3, "change_message": ""}}, {"model": "admin.logentry", "pk": 125, "fields": {"action_time": "2022-04-12T16:39:29.891Z", "user": 1, "content_type": 18, "object_id": "25", "object_repr": "attendanceTable object (25)", "action_flag": 3, "change_message": ""}}, {"model": "admin.logentry", "pk": 126, "fields": {"action_time": "2022-04-12T16:39:29.943Z", "user": 1, "content_type": 18, "object_id": "24", "object_repr": "attendanceTable object (24)", "action_flag": 3, "change_message": ""}}, {"model": "admin.logentry", "pk": 127, "fields": {"action_time": "2022-04-12T16:39:29.993Z", "user": 1, "content_type": 18, "object_id": "23", "object_repr": "attendanceTable object (23)", "action_flag": 3, "change_message": ""}}, {"model": "admin.logentry", "pk": 128, "fields": {"action_time": "2022-04-12T16:39:30.044Z", "user": 1, "content_type": 18, "object_id": "22", "object_repr": "attendanceTable object (22)", "action_flag": 3, "change_message": ""}}, {"model": "admin.logentry", "pk": 129, "fields": {"action_time": "2022-04-12T16:39:30.096Z", "user": 1, "content_type": 18, "object_id": "21", "object_repr": "attendanceTable object (21)", "action_flag": 3, "change_message": ""}}, {"model": "admin.logentry", "pk": 130, "fields": {"action_time": "2022-04-12T16:39:30.147Z", "user": 1, "content_type": 18, "object_id": "20", "object_repr": "attendanceTable object (20)", "action_flag": 3, "change_message": ""}}, {"model": "admin.logentry", "pk": 131, "fields": {"action_time": "2022-04-12T16:39:30.197Z", "user": 1, "content_type": 18, "object_id": "19", "object_repr": "attendanceTable object (19)", "action_flag": 3, "change_message": ""}}, {"model": "admin.logentry", "pk": 132, "fields": {"action_time": "2022-04-12T16:39:30.248Z", "user": 1, "content_type": 18, "object_id": "18", "object_repr": "attendanceTable object (18)", "action_flag": 3, "change_message": ""}}, {"model": "admin.logentry", "pk": 133, "fields": {"action_time": "2022-04-12T16:39:30.297Z", "user": 1, "content_type": 18, "object_id": "17", "object_repr": "attendanceTable object (17)", "action_flag": 3, "change_message": ""}}, {"model": "admin.logentry", "pk": 134, "fields": {"action_time": "2022-04-12T16:39:30.349Z", "user": 1, "content_type": 18, "object_id": "16", "object_repr": "attendanceTable object (16)", "action_flag": 3, "change_message": ""}}, {"model": "admin.logentry", "pk": 135, "fields": {"action_time": "2022-04-12T16:39:30.399Z", "user": 1, "content_type": 18, "object_id": "15", "object_repr": "attendanceTable object (15)", "action_flag": 3, "change_message": ""}}, {"model": "admin.logentry", "pk": 136, "fields": {"action_time": "2022-04-12T16:39:30.451Z", "user": 1, "content_type": 18, "object_id": "14", "object_repr": "attendanceTable object (14)", "action_flag": 3, "change_message": ""}}, {"model": "admin.logentry", "pk": 137, "fields": {"action_time": "2022-04-12T16:39:30.501Z", "user": 1, "content_type": 18, "object_id": "13", "object_repr": "attendanceTable object (13)", "action_flag": 3, "change_message": ""}}, {"model": "admin.logentry", "pk": 138, "fields": {"action_time": "2022-04-12T16:39:30.926Z", "user": 1, "content_type": 18, "object_id": "12", "object_repr": "attendanceTable object (12)", "action_flag": 3, "change_message": ""}}, {"model": "admin.logentry", "pk": 139, "fields": {"action_time": "2022-04-12T16:39:31.406Z", "user": 1, "content_type": 18, "object_id": "11", "object_repr": "attendanceTable object (11)", "action_flag": 3, "change_message": ""}}, {"model": "admin.logentry", "pk": 140, "fields": {"action_time": "2022-04-12T16:56:40.522Z", "user": 1, "content_type": 18, "object_id": "32", "object_repr": "attendanceTable object (32)", "action_flag": 3, "change_message": ""}}, {"model": "admin.logentry", "pk": 141, "fields": {"action_time": "2022-04-12T16:56:40.967Z", "user": 1, "content_type": 18, "object_id": "31", "object_repr": "attendanceTable object (31)", "action_flag": 3, "change_message": ""}}, {"model": "admin.logentry", "pk": 142, "fields": {"action_time": "2022-04-12T17:06:03.769Z", "user": 1, "content_type": 18, "object_id": "42", "object_repr": "attendanceTable object (42)", "action_flag": 3, "change_message": ""}}, {"model": "admin.logentry", "pk": 143, "fields": {"action_time": "2022-04-12T17:06:03.840Z", "user": 1, "content_type": 18, "object_id": "41", "object_repr": "attendanceTable object (41)", "action_flag": 3, "change_message": ""}}, {"model": "admin.logentry", "pk": 144, "fields": {"action_time": "2022-04-12T17:06:03.890Z", "user": 1, "content_type": 18, "object_id": "40", "object_repr": "attendanceTable object (40)", "action_flag": 3, "change_message": ""}}, {"model": "admin.logentry", "pk": 145, "fields": {"action_time": "2022-04-12T17:06:03.940Z", "user": 1, "content_type": 18, "object_id": "39", "object_repr": "attendanceTable object (39)", "action_flag": 3, "change_message": ""}}, {"model": "admin.logentry", "pk": 146, "fields": {"action_time": "2022-04-12T17:06:03.991Z", "user": 1, "content_type": 18, "object_id": "38", "object_repr": "attendanceTable object (38)", "action_flag": 3, "change_message": ""}}, {"model": "admin.logentry", "pk": 147, "fields": {"action_time": "2022-04-12T17:06:04.042Z", "user": 1, "content_type": 18, "object_id": "37", "object_repr": "attendanceTable object (37)", "action_flag": 3, "change_message": ""}}, {"model": "admin.logentry", "pk": 148, "fields": {"action_time": "2022-04-12T17:06:04.093Z", "user": 1, "content_type": 18, "object_id": "36", "object_repr": "attendanceTable object (36)", "action_flag": 3, "change_message": ""}}, {"model": "admin.logentry", "pk": 149, "fields": {"action_time": "2022-04-12T17:06:04.144Z", "user": 1, "content_type": 18, "object_id": "35", "object_repr": "attendanceTable object (35)", "action_flag": 3, "change_message": ""}}, {"model": "admin.logentry", "pk": 150, "fields": {"action_time": "2022-04-12T17:06:04.194Z", "user": 1, "content_type": 18, "object_id": "34", "object_repr": "attendanceTable object (34)", "action_flag": 3, "change_message": ""}}, {"model": "admin.logentry", "pk": 151, "fields": {"action_time": "2022-04-12T17:06:04.246Z", "user": 1, "content_type": 18, "object_id": "33", "object_repr": "attendanceTable object (33)", "action_flag": 3, "change_message": ""}}, {"model": "admin.logentry", "pk": 152, "fields": {"action_time": "2022-04-18T10:42:50.600Z", "user": 1, "content_type": 18, "object_id": "57", "object_repr": "newuser2, 2022-04-19, Physics", "action_flag": 3, "change_message": ""}}, {"model": "admin.logentry", "pk": 153, "fields": {"action_time": "2022-04-18T10:42:50.684Z", "user": 1, "content_type": 18, "object_id": "56", "object_repr": "newuser, 2022-04-19, Physics", "action_flag": 3, "change_message": ""}}, {"model": "admin.logentry", "pk": 154, "fields": {"action_time": "2022-04-18T10:42:50.734Z", "user": 1, "content_type": 18, "object_id": "55", "object_repr": "abhi54, 2022-04-19, Physics", "action_flag": 3, "change_message": ""}}, {"model": "admin.logentry", "pk": 155, "fields": {"action_time": "2022-04-18T10:42:50.786Z", "user": 1, "content_type": 18, "object_id": "54", "object_repr": "usertoday, 2022-04-19, Physics", "action_flag": 3, "change_message": ""}}, {"model": "admin.logentry", "pk": 156, "fields": {"action_time": "2022-04-18T10:42:50.836Z", "user": 1, "content_type": 18, "object_id": "53", "object_repr": "rpras, 2022-04-19, Physics", "action_flag": 3, "change_message": ""}}, {"model": "admin.logentry", "pk": 157, "fields": {"action_time": "2022-04-18T10:42:50.887Z", "user": 1, "content_type": 18, "object_id": "52", "object_repr": "newuser2, 2022-04-19, Physics", "action_flag": 3, "change_message": ""}}, {"model": "admin.logentry", "pk": 158, "fields": {"action_time": "2022-04-18T10:42:50.937Z", "user": 1, "content_type": 18, "object_id": "51", "object_repr": "newuser, 2022-04-19, Physics", "action_flag": 3, "change_message": ""}}, {"model": "admin.logentry", "pk": 159, "fields": {"action_time": "2022-04-18T10:42:51.033Z", "user": 1, "content_type": 18, "object_id": "50", "object_repr": "abhi54, 2022-04-19, Physics", "action_flag": 3, "change_message": ""}}, {"model": "admin.logentry", "pk": 160, "fields": {"action_time": "2022-04-18T10:42:51.096Z", "user": 1, "content_type": 18, "object_id": "49", "object_repr": "usertoday, 2022-04-19, Physics", "action_flag": 3, "change_message": ""}}, {"model": "admin.logentry", "pk": 161, "fields": {"action_time": "2022-04-18T10:42:51.156Z", "user": 1, "content_type": 18, "object_id": "48", "object_repr": "rpras, 2022-04-19, Physics", "action_flag": 3, "change_message": ""}}, {"model": "admin.logentry", "pk": 162, "fields": {"action_time": "2022-04-18T10:42:51.207Z", "user": 1, "content_type": 18, "object_id": "47", "object_repr": "newuser2, 2022-04-19, Physics", "action_flag": 3, "change_message": ""}}, {"model": "admin.logentry", "pk": 163, "fields": {"action_time": "2022-04-18T10:42:51.258Z", "user": 1, "content_type": 18, "object_id": "46", "object_repr": "newuser, 2022-04-19, Physics", "action_flag": 3, "change_message": ""}}, {"model": "admin.logentry", "pk": 164, "fields": {"action_time": "2022-04-18T10:42:51.331Z", "user": 1, "content_type": 18, "object_id": "45", "object_repr": "abhi54, 2022-04-19, Physics", "action_flag": 3, "change_message": ""}}, {"model": "admin.logentry", "pk": 165, "fields": {"action_time": "2022-04-18T10:42:51.404Z", "user": 1, "content_type": 18, "object_id": "44", "object_repr": "usertoday, 2022-04-19, Physics", "action_flag": 3, "change_message": ""}}, {"model": "admin.logentry", "pk": 166, "fields": {"action_time": "2022-04-18T10:42:51.454Z", "user": 1, "content_type": 18, "object_id": "43", "object_repr": "rpras, 2022-04-19, Physics", "action_flag": 3, "change_message": ""}}, {"model": "admin.logentry", "pk": 167, "fields": {"action_time": "2022-05-10T06:15:45.272Z", "user": 1, "content_type": 7, "object_id": "8", "object_repr": "Gravitation-Chapter 1", "action_flag": 3, "change_message": ""}}, {"model": "auth.permission", "pk": 1, "fields": {"name": "Can add log entry", "content_type": 1, "codename": "add_logentry"}}, {"model": "auth.permission", "pk": 2, "fields": {"name": "Can change log entry", "content_type": 1, "codename": "change_logentry"}}, {"model": "auth.permission", "pk": 3, "fields": {"name": "Can delete log entry", "content_type": 1, "codename": "delete_logentry"}}, {"model": "auth.permission", "pk": 4, "fields": {"name": "Can view log entry", "content_type": 1, "codename": "view_logentry"}}, {"model": "auth.permission", "pk": 5, "fields": {"name": "Can add permission", "content_type": 2, "codename": "add_permission"}}, {"model": "auth.permission", "pk": 6, "fields": {"name": "Can change permission", "content_type": 2, "codename": "change_permission"}}, {"model": "auth.permission", "pk": 7, "fields": {"name": "Can delete permission", "content_type": 2, "codename": "delete_permission"}}, {"model": "auth.permission", "pk": 8, "fields": {"name": "Can view permission", "content_type": 2, "codename": "view_permission"}}, {"model": "auth.permission", "pk": 9, "fields": {"name": "Can add group", "content_type": 3, "codename": "add_group"}}, {"model": "auth.permission", "pk": 10, "fields": {"name": "Can change group", "content_type": 3, "codename": "change_group"}}, {"model": "auth.permission", "pk": 11, "fields": {"name": "Can delete group", "content_type": 3, "codename": "delete_group"}}, {"model": "auth.permission", "pk": 12, "fields": {"name": "Can view group", "content_type": 3, "codename": "view_group"}}, {"model": "auth.permission", "pk": 13, "fields": {"name": "Can add user", "content_type": 4, "codename": "add_user"}}, {"model": "auth.permission", "pk": 14, "fields": {"name": "Can change user", "content_type": 4, "codename": "change_user"}}, {"model": "auth.permission", "pk": 15, "fields": {"name": "Can delete user", "content_type": 4, "codename": "delete_user"}}, {"model": "auth.permission", "pk": 16, "fields": {"name": "Can view user", "content_type": 4, "codename": "view_user"}}, {"model": "auth.permission", "pk": 17, "fields": {"name": "Can add content type", "content_type": 5, "codename": "add_contenttype"}}, {"model": "auth.permission", "pk": 18, "fields": {"name": "Can change content type", "content_type": 5, "codename": "change_contenttype"}}, {"model": "auth.permission", "pk": 19, "fields": {"name": "Can delete content type", "content_type": 5, "codename": "delete_contenttype"}}, {"model": "auth.permission", "pk": 20, "fields": {"name": "Can view content type", "content_type": 5, "codename": "view_contenttype"}}, {"model": "auth.permission", "pk": 21, "fields": {"name": "Can add session", "content_type": 6, "codename": "add_session"}}, {"model": "auth.permission", "pk": 22, "fields": {"name": "Can change session", "content_type": 6, "codename": "change_session"}}, {"model": "auth.permission", "pk": 23, "fields": {"name": "Can delete session", "content_type": 6, "codename": "delete_session"}}, {"model": "auth.permission", "pk": 24, "fields": {"name": "Can view session", "content_type": 6, "codename": "view_session"}}, {"model": "auth.permission", "pk": 25, "fields": {"name": "Can add quiz", "content_type": 7, "codename": "add_quiz"}}, {"model": "auth.permission", "pk": 26, "fields": {"name": "Can change quiz", "content_type": 7, "codename": "change_quiz"}}, {"model": "auth.permission", "pk": 27, "fields": {"name": "Can delete quiz", "content_type": 7, "codename": "delete_quiz"}}, {"model": "auth.permission", "pk": 28, "fields": {"name": "Can view quiz", "content_type": 7, "codename": "view_quiz"}}, {"model": "auth.permission", "pk": 29, "fields": {"name": "Can add question", "content_type": 8, "codename": "add_question"}}, {"model": "auth.permission", "pk": 30, "fields": {"name": "Can change question", "content_type": 8, "codename": "change_question"}}, {"model": "auth.permission", "pk": 31, "fields": {"name": "Can delete question", "content_type": 8, "codename": "delete_question"}}, {"model": "auth.permission", "pk": 32, "fields": {"name": "Can view question", "content_type": 8, "codename": "view_question"}}, {"model": "auth.permission", "pk": 33, "fields": {"name": "Can add answer", "content_type": 9, "codename": "add_answer"}}, {"model": "auth.permission", "pk": 34, "fields": {"name": "Can change answer", "content_type": 9, "codename": "change_answer"}}, {"model": "auth.permission", "pk": 35, "fields": {"name": "Can delete answer", "content_type": 9, "codename": "delete_answer"}}, {"model": "auth.permission", "pk": 36, "fields": {"name": "Can view answer", "content_type": 9, "codename": "view_answer"}}, {"model": "auth.permission", "pk": 37, "fields": {"name": "Can add result", "content_type": 10, "codename": "add_result"}}, {"model": "auth.permission", "pk": 38, "fields": {"name": "Can change result", "content_type": 10, "codename": "change_result"}}, {"model": "auth.permission", "pk": 39, "fields": {"name": "Can delete result", "content_type": 10, "codename": "delete_result"}}, {"model": "auth.permission", "pk": 40, "fields": {"name": "Can view result", "content_type": 10, "codename": "view_result"}}, {"model": "auth.permission", "pk": 41, "fields": {"name": "Can add user result", "content_type": 11, "codename": "add_userresult"}}, {"model": "auth.permission", "pk": 42, "fields": {"name": "Can change user result", "content_type": 11, "codename": "change_userresult"}}, {"model": "auth.permission", "pk": 43, "fields": {"name": "Can delete user result", "content_type": 11, "codename": "delete_userresult"}}, {"model": "auth.permission", "pk": 44, "fields": {"name": "Can view user result", "content_type": 11, "codename": "view_userresult"}}, {"model": "auth.permission", "pk": 45, "fields": {"name": "Can add profile", "content_type": 12, "codename": "add_profile"}}, {"model": "auth.permission", "pk": 46, "fields": {"name": "Can change profile", "content_type": 12, "codename": "change_profile"}}, {"model": "auth.permission", "pk": 47, "fields": {"name": "Can delete profile", "content_type": 12, "codename": "delete_profile"}}, {"model": "auth.permission", "pk": 48, "fields": {"name": "Can view profile", "content_type": 12, "codename": "view_profile"}}, {"model": "auth.permission", "pk": 49, "fields": {"name": "Can add profile", "content_type": 13, "codename": "add_profile"}}, {"model": "auth.permission", "pk": 50, "fields": {"name": "Can change profile", "content_type": 13, "codename": "change_profile"}}, {"model": "auth.permission", "pk": 51, "fields": {"name": "Can delete profile", "content_type": 13, "codename": "delete_profile"}}, {"model": "auth.permission", "pk": 52, "fields": {"name": "Can view profile", "content_type": 13, "codename": "view_profile"}}, {"model": "auth.permission", "pk": 53, "fields": {"name": "Can add profile1", "content_type": 14, "codename": "add_profile1"}}, {"model": "auth.permission", "pk": 54, "fields": {"name": "Can change profile1", "content_type": 14, "codename": "change_profile1"}}, {"model": "auth.permission", "pk": 55, "fields": {"name": "Can delete profile1", "content_type": 14, "codename": "delete_profile1"}}, {"model": "auth.permission", "pk": 56, "fields": {"name": "Can view profile1", "content_type": 14, "codename": "view_profile1"}}, {"model": "auth.permission", "pk": 57, "fields": {"name": "Can add subjects", "content_type": 15, "codename": "add_subjects"}}, {"model": "auth.permission", "pk": 58, "fields": {"name": "Can change subjects", "content_type": 15, "codename": "change_subjects"}}, {"model": "auth.permission", "pk": 59, "fields": {"name": "Can delete subjects", "content_type": 15, "codename": "delete_subjects"}}, {"model": "auth.permission", "pk": 60, "fields": {"name": "Can view subjects", "content_type": 15, "codename": "view_subjects"}}, {"model": "auth.permission", "pk": 61, "fields": {"name": "Can add subjects1", "content_type": 16, "codename": "add_subjects1"}}, {"model": "auth.permission", "pk": 62, "fields": {"name": "Can change subjects1", "content_type": 16, "codename": "change_subjects1"}}, {"model": "auth.permission", "pk": 63, "fields": {"name": "Can delete subjects1", "content_type": 16, "codename": "delete_subjects1"}}, {"model": "auth.permission", "pk": 64, "fields": {"name": "Can view subjects1", "content_type": 16, "codename": "view_subjects1"}}, {"model": "auth.permission", "pk": 65, "fields": {"name": "Can add quiz access table", "content_type": 17, "codename": "add_quizaccesstable"}}, {"model": "auth.permission", "pk": 66, "fields": {"name": "Can change quiz access table", "content_type": 17, "codename": "change_quizaccesstable"}}, {"model": "auth.permission", "pk": 67, "fields": {"name": "Can delete quiz access table", "content_type": 17, "codename": "delete_quizaccesstable"}}, {"model": "auth.permission", "pk": 68, "fields": {"name": "Can view quiz access table", "content_type": 17, "codename": "view_quizaccesstable"}}, {"model": "auth.permission", "pk": 69, "fields": {"name": "Can add attendance table", "content_type": 18, "codename": "add_attendancetable"}}, {"model": "auth.permission", "pk": 70, "fields": {"name": "Can change attendance table", "content_type": 18, "codename": "change_attendancetable"}}, {"model": "auth.permission", "pk": 71, "fields": {"name": "Can delete attendance table", "content_type": 18, "codename": "delete_attendancetable"}}, {"model": "auth.permission", "pk": 72, "fields": {"name": "Can view attendance table", "content_type": 18, "codename": "view_attendancetable"}}, {"model": "auth.user", "pk": 1, "fields": {"password": "pbkdf2_sha256$320000$QFwmBmohd6nlMOl8QTo0GA$PwWh324Ggd/+wH9WlD4y37aW9Jj2SdqS1dgQ9svPcfg=", "last_login": "2022-06-19T11:49:21.545Z", "is_superuser": true, "username": "rpras", "first_name": "Prashant", "last_name": "Rathod", "email": "pra@gmail.com", "is_staff": true, "is_active": true, "date_joined": "2021-11-26T11:15:25Z", "groups": [], "user_permissions": []}}, {"model": "auth.user", "pk": 2, "fields": {"password": "pbkdf2_sha256$320000$iUDXaz3pXN0fAYOJQByslg$3vCjiBSmfzHHaghOA1uZUKS0xXwael3VoIEcz67a2rE=", "last_login": "2022-05-15T10:51:41.025Z", "is_superuser": false, "username": "abhi54", "first_name": "Abhi", "last_name": "Pokharkar", "email": "abhipokharkar54@gmail.com", "is_staff": false, "is_active": true, "date_joined": "2021-11-28T08:16:40.214Z", "groups": [], "user_permissions": []}}, {"model": "auth.user", "pk": 3, "fields": {"password": "pbkdf2_sha256$260000$XlePGNlMvKGpK2KNTg2XJg$fy/qR5SYeBoA/KKCewwOiXaH0Fu9tmcFbT+mHmZF1+c=", "last_login": "2021-12-03T14:17:00.075Z", "is_superuser": true, "username": "admin", "first_name": "", "last_name": "", "email": "", "is_staff": true, "is_active": true, "date_joined": "2021-11-28T09:07:55.539Z", "groups": [], "user_permissions": []}}, {"model": "auth.user", "pk": 4, "fields": {"password": "pbkdf2_sha256$260000$EADA0GDUfRBhfMffw5KdZS$6bLP4CoF7ZqCGiN66ofFbXo9VFbjg0Hrun0+uBxCPAw=", "last_login": "2021-11-28T09:16:37.323Z", "is_superuser": false, "username": "Siddhant", "first_name": "Siddhant", "last_name": "Meshram", "email": "sidcm99@gmail.com", "is_staff": false, "is_active": true, "date_joined": "2021-11-28T09:16:06.807Z", "groups": [], "user_permissions": []}}, {"model": "auth.user", "pk": 7, "fields": {"password": "pbkdf2_sha256$260000$2zvxjZw6QwjHxpogTxZYGJ$uQU3pvoj3esz2B/EaFBe0W5PE13uRK8xAxvxfYRkSl0=", "last_login": "2021-12-08T04:40:30.108Z", "is_superuser": false, "username": "Rahul", "first_name": "Rahul", "last_name": "Khobragade", "email": "sidcm99@gmail.com", "is_staff": false, "is_active": true, "date_joined": "2021-12-08T04:40:11.358Z", "groups": [], "user_permissions": []}}, {"model": "auth.user", "pk": 8, "fields": {"password": "pbkdf2_sha256$260000$zTvD10dX4PDQXdaaav2FIb$5MwQDcJyOs3OIE3pehwqM0pjp4QFfmojizsTY3RuIa8=", "last_login": null, "is_superuser": false, "username": "Shankar", "first_name": "Shankar", "last_name": "kotrange", "email": "chandrakant.jengathe@gmail.com", "is_staff": false, "is_active": true, "date_joined": "2021-12-10T09:54:44.131Z", "groups": [], "user_permissions": []}}, {"model": "auth.user", "pk": 9, "fields": {"password": "pbkdf2_sha256$260000$xH8IqNE7ed4eUJP5woYx4k$9hNDk3SeyR0I5RLU2hWLWSRd8o006rfhxgaPynaKdok=", "last_login": null, "is_superuser": false, "username": "Harsh", "first_name": "Harsh", "last_name": "Mohurle", "email": "chandrakant.jengathe@gmail.com", "is_staff": false, "is_active": true, "date_joined": "2021-12-10T10:00:07.582Z", "groups": [], "user_permissions": []}}, {"model": "auth.user", "pk": 10, "fields": {"password": "pbkdf2_sha256$260000$PzjLvRXbs8vIin1SGlJU5s$L+TeaICbjRNgTIri1iy2i0sTXGHr/wE8UCyeuF/NlfQ=", "last_login": null, "is_superuser": false, "username": "Sarvesh", "first_name": "Sarvesh", "last_name": "Mohurle", "email": "chandrakant.jengathe@gmail.com", "is_staff": false, "is_active": true, "date_joined": "2021-12-10T10:03:40.700Z", "groups": [], "user_permissions": []}}, {"model": "auth.user", "pk": 11, "fields": {"password": "pbkdf2_sha256$260000$yInO4pQ7psSzpAjsIunXGn$FzuaapqLgXOS5bpfsEIs+Or1Eglr7WNxumM88hA4CpE=", "last_login": null, "is_superuser": false, "username": "Dnyaneshwar", "first_name": "Dnyaneshwar", "last_name": "Kotrange", "email": "chandrakant.jengathe@gmail.com", "is_staff": false, "is_active": true, "date_joined": "2021-12-10T10:05:04.061Z", "groups": [], "user_permissions": []}}, {"model": "auth.user", "pk": 12, "fields": {"password": "pbkdf2_sha256$260000$dVOrYChmsanNzMIkeKqDTx$DqWTEhLee1BUSZTf151B4fIGOVN12qLb4v9GxH396+0=", "last_login": null, "is_superuser": false, "username": "Mariya", "first_name": "Mariya", "last_name": "Wandhare", "email": "chandrakant.jengathe@gmail.com", "is_staff": false, "is_active": true, "date_joined": "2021-12-10T10:06:53.555Z", "groups": [], "user_permissions": []}}, {"model": "auth.user", "pk": 13, "fields": {"password": "pbkdf2_sha256$260000$ixe6jhYPIbt3L79SktJBjO$oRBYJboW1Lkhou+IvxS6M0qphC1ZrdeSow8DhvjP1ZI=", "last_login": null, "is_superuser": false, "username": "Omkar", "first_name": "Omkar", "last_name": "Chatare", "email": "chandrakant.jengathe@gmail.com", "is_staff": false, "is_active": true, "date_joined": "2021-12-10T10:15:45.474Z", "groups": [], "user_permissions": []}}, {"model": "auth.user", "pk": 14, "fields": {"password": "pbkdf2_sha256$260000$YdwGyRQpGEEGUKjO5laA9I$sELOEsMxHDWSZ8KL4zYkHgRksEcZBU56BwXOtsUTZmc=", "last_login": null, "is_superuser": false, "username": "Anthony", "first_name": "Anthony", "last_name": "Wandhare", "email": "chandrakant.jengathe@gmail.com", "is_staff": false, "is_active": true, "date_joined": "2021-12-10T10:17:43.300Z", "groups": [], "user_permissions": []}}, {"model": "auth.user", "pk": 15, "fields": {"password": "pbkdf2_sha256$260000$nusPlSYK5HD9GyGGuLkleB$kz2Zrh4M1rXZBSMXD0YOIitAPhVgXB5GWh5F4qALw5I=", "last_login": "2021-12-13T12:01:37.717Z", "is_superuser": false, "username": "prashant01", "first_name": "Prashant", "last_name": "Rathod", "email": "prashant.rathod18@vit.edu", "is_staff": false, "is_active": true, "date_joined": "2021-12-13T12:01:29.103Z", "groups": [], "user_permissions": []}}, {"model": "auth.user", "pk": 21, "fields": {"password": "pbkdf2_sha256$260000$JqwYyKVXF4wNrVO2opCLEV$z0PhxAy57jpdcReyqjhmLee4s3WWG3hxDG195igA314=", "last_login": "2022-01-19T12:03:09Z", "is_superuser": false, "username": "usertoday", "first_name": "User", "last_name": "", "email": "user@gmail.com", "is_staff": false, "is_active": true, "date_joined": "2021-12-20T06:11:59Z", "groups": [], "user_permissions": []}}, {"model": "auth.user", "pk": 22, "fields": {"password": "pbkdf2_sha256$260000$LdMJk8MxDEebk5AODNuaAZ$FePLv/nILhrWTtMSREMTJrGws2LaqKYFyo8IKUANtvc=", "last_login": "2021-12-25T13:41:18.189Z", "is_superuser": false, "username": "user1C8", "first_name": "User1C8", "last_name": "", "email": "user1C8@gmail.com", "is_staff": false, "is_active": true, "date_joined": "2021-12-25T13:39:27.148Z", "groups": [], "user_permissions": []}}, {"model": "auth.user", "pk": 23, "fields": {"password": "pbkdf2_sha256$260000$OYDQ7ODhOnsTae3ylIDDs0$XLIcqiqqM16TZeD6R7SyxtbJaNuXJHHDUj/I0EzvfH4=", "last_login": "2021-12-25T13:55:09.674Z", "is_superuser": false, "username": "user2C8", "first_name": "User2C8", "last_name": "", "email": "user2C8@gmail.com", "is_staff": false, "is_active": true, "date_joined": "2021-12-25T13:55:02.866Z", "groups": [], "user_permissions": []}}, {"model": "auth.user", "pk": 24, "fields": {"password": "pbkdf2_sha256$260000$y2nDD0p3iqt7x74XPhHnAp$KIa7GQgfx7VeixSJtehOjrzzABA/Zdhsmy5TRCtn3VQ=", "last_login": "2022-01-10T04:59:30.197Z", "is_superuser": false, "username": "newuser", "first_name": "New", "last_name": "User", "email": "newuser@gmail.com", "is_staff": false, "is_active": true, "date_joined": "2022-01-09T15:16:53.259Z", "groups": [], "user_permissions": []}}, {"model": "auth.user", "pk": 26, "fields": {"password": "pbkdf2_sha256$260000$lwZ2nKTBTrLEs99uBnnVsE$xpi0s55959tb0HYlPORKTb24WtYofEWalWwyR+P0D04=", "last_login": "2022-01-21T12:42:31.537Z", "is_superuser": false, "username": "newuser2", "first_name": "New2", "last_name": "User", "email": "newuser2@gmail.com", "is_staff": false, "is_active": true, "date_joined": "2022-01-09T17:14:23.870Z", "groups": [], "user_permissions": []}}, {"model": "auth.user", "pk": 28, "fields": {"password": "pbkdf2_sha256$320000$d3lLvfBFaIMUKODH0ZqjPN$yztHz+l1NVPVXUSDEN5q2ZCegrXlMClJ/VhBAWVScOg=", "last_login": "2022-04-09T10:23:50.203Z", "is_superuser": false, "username": "testing22222222", "first_name": "user", "last_name": "user", "email": "user@gmail.com", "is_staff": false, "is_active": true, "date_joined": "2022-02-28T07:18:32.007Z", "groups": [], "user_permissions": []}}, {"model": "auth.user", "pk": 29, "fields": {"password": "pbkdf2_sha256$320000$3okHcmMajBp9RLEEw05ACE$yo/zSsFoRReK2KdCeSivCmPHWSAdbsXAXJWmNvivjyg=", "last_login": "2022-05-10T06:24:29.048Z", "is_superuser": false, "username": "abhi1810", "first_name": "Abhijit", "last_name": "Pokharkar", "email": "abhi1810@gmail.com", "is_staff": false, "is_active": true, "date_joined": "2022-05-10T06:24:23.954Z", "groups": [], "user_permissions": []}}, {"model": "contenttypes.contenttype", "pk": 1, "fields": {"app_label": "admin", "model": "logentry"}}, {"model": "contenttypes.contenttype", "pk": 2, "fields": {"app_label": "auth", "model": "permission"}}, {"model": "contenttypes.contenttype", "pk": 3, "fields": {"app_label": "auth", "model": "group"}}, {"model": "contenttypes.contenttype", "pk": 4, "fields": {"app_label": "auth", "model": "user"}}, {"model": "contenttypes.contenttype", "pk": 5, "fields": {"app_label": "contenttypes", "model": "contenttype"}}, {"model": "contenttypes.contenttype", "pk": 6, "fields": {"app_label": "sessions", "model": "session"}}, {"model": "contenttypes.contenttype", "pk": 7, "fields": {"app_label": "quizes", "model": "quiz"}}, {"model": "contenttypes.contenttype", "pk": 8, "fields": {"app_label": "questions", "model": "question"}}, {"model": "contenttypes.contenttype", "pk": 9, "fields": {"app_label": "questions", "model": "answer"}}, {"model": "contenttypes.contenttype", "pk": 10, "fields": {"app_label": "results", "model": "result"}}, {"model": "contenttypes.contenttype", "pk": 11, "fields": {"app_label": "results", "model": "userresult"}}, {"model": "contenttypes.contenttype", "pk": 12, "fields": {"app_label": "questions", "model": "profile"}}, {"model": "contenttypes.contenttype", "pk": 13, "fields": {"app_label": "regester", "model": "profile"}}, {"model": "contenttypes.contenttype", "pk": 14, "fields": {"app_label": "regester", "model": "profile1"}}, {"model": "contenttypes.contenttype", "pk": 15, "fields": {"app_label": "quizes", "model": "subjects"}}, {"model": "contenttypes.contenttype", "pk": 16, "fields": {"app_label": "quizes", "model": "subjects1"}}, {"model": "contenttypes.contenttype", "pk": 17, "fields": {"app_label": "payment", "model": "quizaccesstable"}}, {"model": "contenttypes.contenttype", "pk": 18, "fields": {"app_label": "attendance", "model": "attendancetable"}}, {"model": "sessions.session", "pk": "06wdydac3lcd5zi51nfkp8y7qb3qafys", "fields": {"session_data": ".eJxVjEsKwjAUAO-StYQkJeXFpXvPUN4nz1QlgX5WxbtLoAvdzgxzmAn3rUz7mpdpFnM13lx-GSG_cu1CnlgfzXKr2zKT7Yk97WrvTfL7drZ_g4Jr6VtAlSSkNEZWjORDGJEJQQhYQVBhYCc5sQ7eu6TRhwyMkECSS-bzBS7SOV0:1nnIay:VSK_cAHwpj8XlMU5-86qHLUG3O0DmMJJYP2lEvNrwxs", "expire_date": "2022-05-21T11:27:32.464Z"}}, {"model": "sessions.session", "pk": "0sgjkztj7qqbl4mfgdl1pimhyxfu71j1", "fields": {"session_data": ".eJxVjDsOwjAQRO_iGlnx-rMOJX3OYK3tDQ4gR4qTCnF3EikFFNPMezNvEWhbS9gaL2HK4iqUuPx2kdKT6wHyg-p9lmmu6zJFeSjypE0Oc-bX7XT_Dgq1sq8TG9YjoLIGEgB61GzJj-zzHmLdYfSQvSOrNaledUpZ5xiwBzKA4vMF3Q03GQ:1myH50:reJslUbkFO3QHveRELkz_ooviPzguNWsWt8MCh91jmo", "expire_date": "2021-12-31T17:31:38.179Z"}}, {"model": "sessions.session", "pk": "19r8q4ko2osfn1g9wvq4d1496j9zbesq", "fields": {"session_data": ".eJxVjEsKwjAUAO-StYQkJeXFpXvPUN4nz1QlgX5WxbtLoAvdzgxzmAn3rUz7mpdpFnM13lx-GSG_cu1CnlgfzXKr2zKT7Yk97WrvTfL7drZ_g4Jr6VtAlSSkNEZWjORDGJEJQQhYQVBhYCc5sQ7eu6TRhwyMkECSS-bzBS7SOV0:1nd8YW:gmtbh--9xJAP9XsluyOnYtk5n877RRbg2BBVf7-1S6A", "expire_date": "2022-04-23T10:43:00.666Z"}}, {"model": "sessions.session", "pk": "2bm454odlyqe6t8wmri0ce806s6l3ypa", "fields": {"session_data": ".eJxVjDsOwjAQRO_iGlnx-rMOJX3OYK3tDQ4gR4qTCnF3EikFFNPMezNvEWhbS9gaL2HK4iqUuPx2kdKT6wHyg-p9lmmu6zJFeSjypE0Oc-bX7XT_Dgq1sq8TG9YjoLIGEgB61GzJj-zzHmLdYfSQvSOrNaledUpZ5xiwBzKA4vMF3Q03GQ:1myT84:vqiCHNqAPaVE-L-xNBItfZG5Jgr6phOM8vIVREzIfIk", "expire_date": "2022-01-01T06:23:36.626Z"}}, {"model": "sessions.session", "pk": "34k4iniff6jwa8bw3yo8wx9q4zq03mbm", "fields": {"session_data": ".eJxVjDsOwjAQBe_iGlnrLw4lfc5g7XptHECOFCcV4u4QKQW0b2beS0Tc1hq3npc4sbgIJU6_G2F65LYDvmO7zTLNbV0mkrsiD9rlOHN-Xg_376Bir986eI1wxmIoIQweDZcMYIAC62K1LoRgkw1BGfLkvUWFxZFCx6zcUMT7A-2YOD4:1mt8KU:TjdxyHZRHOyGHARoKBUZMy07SsvUDkCMhx8PLdzvSiI", "expire_date": "2021-12-17T13:10:22.982Z"}}, {"model": "sessions.session", "pk": "37k8kpc4hymmihheed7ono9aw9y30ako", "fields": {"session_data": ".eJxVjDsOwjAQRO_iGlnx-rMOJX3OYK3tDQ4gR4qTCnF3EikFFNPMezNvEWhbS9gaL2HK4iqUuPx2kdKT6wHyg-p9lmmu6zJFeSjypE0Oc-bX7XT_Dgq1sq8TG9YjoLIGEgB61GzJj-zzHmLdYfSQvSOrNaledUpZ5xiwBzKA4vMF3Q03GQ:1nA9lV:OmPwNp280Di2b7g0hvMYx_i2k6-zAx_7PK9E5gc6mTk", "expire_date": "2022-02-02T12:08:37.988Z"}}, {"model": "sessions.session", "pk": "3o5349h9rqeva7ts9ipszz85ilhjq94q", "fields": {"session_data": ".eJxVjDsOwjAQRO_iGlnx-rMOJX3OYK3tDQ4gR4qTCnF3EikFFNPMezNvEWhbS9gaL2HK4iqUuPx2kdKT6wHyg-p9lmmu6zJFeSjypE0Oc-bX7XT_Dgq1sq8TG9YjoLIGEgB61GzJj-zzHmLdYfSQvSOrNaledUpZ5xiwBzKA4vMF3Q03GQ:1n4NIT:L_u3jlwz2VmLRCWE-bTfasozDBcH8IsvxKGus05sa9E", "expire_date": "2022-01-17T13:22:45.523Z"}}, {"model": "sessions.session", "pk": "4kmwptqjahvl957ckog49o764d2jhzs6", "fields": {"session_data": ".eJxVjDsOwjAQBe_iGlnrLw4lfc5g7XptHECOFCcV4u4QKQW0b2beS0Tc1hq3npc4sbgIJU6_G2F65LYDvmO7zTLNbV0mkrsiD9rlOHN-Xg_376Bir986eI1wxmIoIQweDZcMYIAC62K1LoRgkw1BGfLkvUWFxZFCx6zcUMT7A-2YOD4:1msg2V:mvXc8SxlLShg-wJE7d4y4PRpWhNSUGUEjf87RQKnJ_4", "expire_date": "2021-12-16T06:57:55.873Z"}}, {"model": "sessions.session", "pk": "4kngkgenbhgus3b00bmzuu28jko1y2jp", "fields": {"session_data": ".eJxVjDsOwjAQRO_iGlnx-rMOJX3OYK3tDQ4gR4qTCnF3EikFFNPMezNvEWhbS9gaL2HK4iqUuPx2kdKT6wHyg-p9lmmu6zJFeSjypE0Oc-bX7XT_Dgq1sq8TG9YjoLIGEgB61GzJj-zzHmLdYfSQvSOrNaledUpZ5xiwBzKA4vMF3Q03GQ:1n5oIO:2nIPw0xFzKrEo0u6GF8AxbejxPcIyiBDUkSmSA_80rQ", "expire_date": "2022-01-21T12:24:36.802Z"}}, {"model": "sessions.session", "pk": "50aorvkon4o2r306ppmaqc45rdmo6cna", "fields": {"session_data": ".eJxVjDsOwjAQBe_iGlnrLw4lfc5g7XptHECOFCcV4u4QKQW0b2beS0Tc1hq3npc4sbgIJU6_G2F65LYDvmO7zTLNbV0mkrsiD9rlOHN-Xg_376Bir986eI1wxmIoIQweDZcMYIAC62K1LoRgkw1BGfLkvUWFxZFCx6zcUMT7A-2YOD4:1mxqyh:ecGb2TJKUncau7tD_T0lMKuOgZvzIkco2g4-RQsSH5Q", "expire_date": "2021-12-30T13:39:23.110Z"}}, {"model": "sessions.session", "pk": "5n54fxdv28xx3xcse9m4jqeb6107hdhy", "fields": {"session_data": ".eJxVjEsKwjAUAO-StYQkJeXFpXvPUN4nz1QlgX5WxbtLoAvdzgxzmAn3rUz7mpdpFnM13lx-GSG_cu1CnlgfzXKr2zKT7Yk97WrvTfL7drZ_g4Jr6VtAlSSkNEZWjORDGJEJQQhYQVBhYCc5sQ7eu6TRhwyMkECSS-bzBS7SOV0:1o2tQg:f1yYGtaYM53e0I0gG4mISkD2nm8W-5Tyvuz2KdjJ43c", "expire_date": "2022-07-03T11:49:22.697Z"}}, {"model": "sessions.session", "pk": "7i03q7zhkktmia04m8tmh1ya0qmalz5a", "fields": {"session_data": ".eJxVjDsOwjAQRO_iGlnx-rMOJX3OYK3tDQ4gR4qTCnF3EikFFNPMezNvEWhbS9gaL2HK4iqUuPx2kdKT6wHyg-p9lmmu6zJFeSjypE0Oc-bX7XT_Dgq1sq8TG9YjoLIGEgB61GzJj-zzHmLdYfSQvSOrNaledUpZ5xiwBzKA4vMF3Q03GQ:1n4O2o:XEXecqrM7hFJIGGiXn9C-j_8WyZo164Eiqtk7CfbX5Y", "expire_date": "2022-01-17T14:10:38.706Z"}}, {"model": "sessions.session", "pk": "97ghktvog6agsu3n4k0czuq2w04o7exj", "fields": {"session_data": ".eJxVjDsOwjAQBe_iGlnrLw4lfc5g7XptHECOFCcV4u4QKQW0b2beS0Tc1hq3npc4sbgIJU6_G2F65LYDvmO7zTLNbV0mkrsiD9rlOHN-Xg_376Bir986eI1wxmIoIQweDZcMYIAC62K1LoRgkw1BGfLkvUWFxZFCx6zcUMT7A-2YOD4:1my6e7:o0btgeaPWE_q_0MZTT3Rgf1AsYhH63xmLitJfZPAU_c", "expire_date": "2021-12-31T06:23:11.658Z"}}, {"model": "sessions.session", "pk": "9lq9lgc7m4fu6voclzyhekehumpr8stq", "fields": {"session_data": ".eJxVjDsOwjAQRO_iGlnx-rMOJX3OYK3tDQ4gR4qTCnF3EikFFNPMezNvEWhbS9gaL2HK4iqUuPx2kdKT6wHyg-p9lmmu6zJFeSjypE0Oc-bX7XT_Dgq1sq8TG9YjoLIGEgB61GzJj-zzHmLdYfSQvSOrNaledUpZ5xiwBzKA4vMF3Q03GQ:1n3KZt:PdPwqRtrjESxU-Sa0qDRmxwbqFXFXZqEcKVpdC2jaZk", "expire_date": "2022-01-14T16:16:25.246Z"}}, {"model": "sessions.session", "pk": "9lztymof32ekdkc1527ayynttggkr7v6", "fields": {"session_data": ".eJxVjDsOwjAQRO_iGlnx-rMOJX3OYK3tDQ4gR4qTCnF3EikFFNPMezNvEWhbS9gaL2HK4iqUuPx2kdKT6wHyg-p9lmmu6zJFeSjypE0Oc-bX7XT_Dgq1sq8TG9YjoLIGEgB61GzJj-zzHmLdYfSQvSOrNaledUpZ5xiwBzKA4vMF3Q03GQ:1n8cQh:aWqtZ4-pI5xchmYWLTswyl5zhtVuFP3G0irExZwyjcQ", "expire_date": "2022-01-29T06:20:47.957Z"}}, {"model": "sessions.session", "pk": "9yw1w61qkdnw17rzgbfejn2oe8hwcr28", "fields": {"session_data": ".eJxVjEEOwiAQRe_C2hDKAIJL956hGZhBqgaS0q6MdzckXej2v_f-W8y4b2XeO6_zQuIizuL0u0VMT64D0APrvcnU6rYuUQ5FHrTLWyN-XQ_376BgL6P2dmLymkFNbIzlkCE7QjJZg1YBHBCrkLPSzhCiz9ErNJEAbaTkxOcL7sA4kA:1muoko:c5EQBmlkrIIjIYbSbgJSvy-o9fbDo-vRepJzQwiltLA", "expire_date": "2021-12-22T04:40:30.108Z"}}, {"model": "sessions.session", "pk": "an8uo9x8sq2ss007pjmdhesphwaxfjus", "fields": {"session_data": ".eJxVjDsOwjAQBe_iGlnrLw4lfc5g7XptHECOFCcV4u4QKQW0b2beS0Tc1hq3npc4sbgIJU6_G2F65LYDvmO7zTLNbV0mkrsiD9rlOHN-Xg_376Bir986eI1wxmIoIQweDZcMYIAC62K1LoRgkw1BGfLkvUWFxZFCx6zcUMT7A-2YOD4:1mt8qZ:v5kODgNr01RJNp3AfAMHh9Vj6b-dOfwIYpoMXGy_h9c", "expire_date": "2021-12-17T13:43:31.891Z"}}, {"model": "sessions.session", "pk": "armk3h6gxe55ocg7bkn03mta9mb2dajd", "fields": {"session_data": ".eJxVjDsOwjAQRO_iGlnx-rMOJX3OYK3tDQ4gR4qTCnF3EikFFNPMezNvEWhbS9gaL2HK4iqUuPx2kdKT6wHyg-p9lmmu6zJFeSjypE0Oc-bX7XT_Dgq1sq8TG9YjoLIGEgB61GzJj-zzHmLdYfSQvSOrNaledUpZ5xiwBzKA4vMF3Q03GQ:1n7zjQ:gC1a9YIj-DJv-y8z7wvAyOMztsQHKF4uo-CAJE_0XH0", "expire_date": "2022-01-27T13:01:32.025Z"}}, {"model": "sessions.session", "pk": "bdcdd65z2qjfoi16x7eos34aq01c3r06", "fields": {"session_data": ".eJxVjEsKwjAUAO-StYQkJeXFpXvPUN4nz1QlgX5WxbtLoAvdzgxzmAn3rUz7mpdpFnM13lx-GSG_cu1CnlgfzXKr2zKT7Yk97WrvTfL7drZ_g4Jr6VtAlSSkNEZWjORDGJEJQQhYQVBhYCc5sQ7eu6TRhwyMkECSS-bzBS7SOV0:1nbfjI:ToROEn-5WK742jjX596902rpZ5XdQPJbtIgXiFkAnQc", "expire_date": "2022-04-19T09:44:04.157Z"}}, {"model": "sessions.session", "pk": "brrvd8n2t3cnc4roqzbj1nlnynrtslfj", "fields": {"session_data": ".eJxVjDsOwjAQRO_iGlnx-rMOJX3OYK3tDQ4gR4qTCnF3EikFFNPMezNvEWhbS9gaL2HK4iqUuPx2kdKT6wHyg-p9lmmu6zJFeSjypE0Oc-bX7XT_Dgq1sq8TG9YjoLIGEgB61GzJj-zzHmLdYfSQvSOrNaledUpZ5xiwBzKA4vMF3Q03GQ:1nAtE4:uFraUqK8_if8gTvxjFcHhHboMJ8_YkHgdlQelvX4zUw", "expire_date": "2022-02-04T12:41:08.980Z"}}, {"model": "sessions.session", "pk": "cg24xktzahg8iaqrvl8pw5odn87spqfs", "fields": {"session_data": ".eJxVjEEOwiAQRe_C2hAEBMal-56BDMxUqgaS0q6Md7dNutDte-__t4i4LiWunec4kbgKLU6_LGF-ct0FPbDem8ytLvOU5J7Iw3Y5NOLX7Wj_Dgr2sq2tVtowgVeOc3bGsLKJs9cXpxNob8eMQAhOoQL2BIxhwwFwDGeyLD5f2Ro36A:1nAtFp:88opAMzQVmnWp7pEcfxyRQgGkhtj79aOq44e-nREGng", "expire_date": "2022-02-04T12:42:57.373Z"}}, {"model": "sessions.session", "pk": "dcjx1mnx7ga6j52bgmhm4t3uehw4jjrf", "fields": {"session_data": ".eJxVjMsOwiAQRf-FtSGAlIdL934DGWYYqRqalHZl_HfbpAvd3nPOfYsE61LT2sucRhIXob04_Y4Z8FnaTugB7T5JnNoyj1nuijxol7eJyut6uH8HFXrdahfRa8Ss8FxcYFI2g_EagtEqKgODciGa6HjIbNEQElvaAuasQbMRny8Oszi0:1mx2j8:VyV40oeZ4WzvQaCcXQvcOre8hyP4dd4hFsz8cl_SQ3A", "expire_date": "2021-12-28T07:59:58.612Z"}}, {"model": "sessions.session", "pk": "dfiykaakusryr16bn34dy6zp6h23efo2", "fields": {"session_data": ".eJxVjDsOwjAQBe_iGlnrLw4lfc5g7XptHECOFCcV4u4QKQW0b2beS0Tc1hq3npc4sbgIJU6_G2F65LYDvmO7zTLNbV0mkrsiD9rlOHN-Xg_376Bir986eI1wxmIoIQweDZcMYIAC62K1LoRgkw1BGfLkvUWFxZFCx6zcUMT7A-2YOD4:1mt8KY:tSmD79j3HwmNLihR2LFcxsgn7g4oWe1sxLkJV7PpiRU", "expire_date": "2021-12-17T13:10:26.589Z"}}, {"model": "sessions.session", "pk": "drf24orocmrsbvi7zzlm1z0e6ik7zgxk", "fields": {"session_data": ".eJxVjDsOwjAQBe_iGlnrLw4lfc5g7XptHECOFCcV4u4QKQW0b2beS0Tc1hq3npc4sbgIJU6_G2F65LYDvmO7zTLNbV0mkrsiD9rlOHN-Xg_376Bir986eI1wxmIoIQweDZcMYIAC62K1LoRgkw1BGfLkvUWFxZFCx6zcUMT7A-2YOD4:1mt8KU:TjdxyHZRHOyGHARoKBUZMy07SsvUDkCMhx8PLdzvSiI", "expire_date": "2021-12-17T13:10:22.935Z"}}, {"model": "sessions.session", "pk": "dytxvm70hfzp8s22qkqw1m7n47rkfpfr", "fields": {"session_data": ".eJxVjDsOwjAQRO_iGlnx-rMOJX3OYK3tDQ4gR4qTCnF3EikFFNPMezNvEWhbS9gaL2HK4iqUuPx2kdKT6wHyg-p9lmmu6zJFeSjypE0Oc-bX7XT_Dgq1sq8TG9YjoLIGEgB61GzJj-zzHmLdYfSQvSOrNaledUpZ5xiwBzKA4vMF3Q03GQ:1mzCK3:UCnST3tTVmT74H55ZaIsQAyCAHQhcWtMWrYNibus1hk", "expire_date": "2022-01-03T06:38:59.497Z"}}, {"model": "sessions.session", "pk": "eaeezee7kb7q20208kjl1ajay1i8yi5x", "fields": {"session_data": ".eJxVjDsOwjAQBe_iGlnrLw4lfc5g7XptHECOFCcV4u4QKQW0b2beS0Tc1hq3npc4sbgIJU6_G2F65LYDvmO7zTLNbV0mkrsiD9rlOHN-Xg_376Bir986eI1wxmIoIQweDZcMYIAC62K1LoRgkw1BGfLkvUWFxZFCx6zcUMT7A-2YOD4:1mt8KW:mX0R2uRAoR8RVOxEV6XrsI7eCMFWHRKsl6z_LswU20k", "expire_date": "2021-12-17T13:10:24.287Z"}}, {"model": "sessions.session", "pk": "eaf5s1cuq03sj0jjv2hrmmilrvbt80yi", "fields": {"session_data": ".eJxVjDsOwjAQBe_iGlnrLw4lfc5g7XptHECOFCcV4u4QKQW0b2beS0Tc1hq3npc4sbgIJU6_G2F65LYDvmO7zTLNbV0mkrsiD9rlOHN-Xg_376Bir986eI1wxmIoIQweDZcMYIAC62K1LoRgkw1BGfLkvUWFxZFCx6zcUMT7A-2YOD4:1mxVks:fb8Kl1mzSuVPNKQFP7GFigcaachmyeJsjZXQDnLVYbE", "expire_date": "2021-12-29T14:59:42.381Z"}}, {"model": "sessions.session", "pk": "eqipjjebxh4nnnqk4keboxqhmha3r6fv", "fields": {"session_data": ".eJxVjDsOwjAQBe_iGlnrLw4lfc5g7XptHECOFCcV4u4QKQW0b2beS0Tc1hq3npc4sbgIJU6_G2F65LYDvmO7zTLNbV0mkrsiD9rlOHN-Xg_376Bir986eI1wxmIoIQweDZcMYIAC62K1LoRgkw1BGfLkvUWFxZFCx6zcUMT7A-2YOD4:1mt3WI:3zSS_so5vTOlbkc5Zz2nSRoHJKwt9nrqN8qEGl8Jz2E", "expire_date": "2021-12-17T08:02:14.143Z"}}, {"model": "sessions.session", "pk": "ey82wfn74bry5kzs21jdldokda6a28fx", "fields": {"session_data": ".eJxVjDsOwjAQRO_iGlnx-rMOJX3OYK3tDQ4gR4qTCnF3EikFFNPMezNvEWhbS9gaL2HK4iqUuPx2kdKT6wHyg-p9lmmu6zJFeSjypE0Oc-bX7XT_Dgq1sq8TG9YjoLIGEgB61GzJj-zzHmLdYfSQvSOrNaledUpZ5xiwBzKA4vMF3Q03GQ:1n16ff:okVSoioC2ZR0mtidYNGYZQgm_hULfGJaoihm3gVJF5A", "expire_date": "2022-01-08T13:01:11.796Z"}}, {"model": "sessions.session", "pk": "f2cdusfbtl43y43ydfjdm4yf0vjn8yb7", "fields": {"session_data": ".eJxVjDsOwjAQBe_iGlnrLw4lfc5g7XptHECOFCcV4u4QKQW0b2beS0Tc1hq3npc4sbgIJU6_G2F65LYDvmO7zTLNbV0mkrsiD9rlOHN-Xg_376Bir986eI1wxmIoIQweDZcMYIAC62K1LoRgkw1BGfLkvUWFxZFCx6zcUMT7A-2YOD4:1mvvLS:MhCqQyCw7grRlrJ5uZSdHzrL3xyc9FndrJ5dXZ-pxmg", "expire_date": "2021-12-25T05:54:54.757Z"}}, {"model": "sessions.session", "pk": "ft7el6yzukht3pjzymkk4mlxjb8px9n8", "fields": {"session_data": ".eJxVjDsOwjAQBe_iGlnrLw4lfc5g7XptHECOFCcV4u4QKQW0b2beS0Tc1hq3npc4sbgIJU6_G2F65LYDvmO7zTLNbV0mkrsiD9rlOHN-Xg_376Bir986eI1wxmIoIQweDZcMYIAC62K1LoRgkw1BGfLkvUWFxZFCx6zcUMT7A-2YOD4:1mxqn5:3AEUZTc3_OIxlA8AkoycrKepHw002gPSxaU8mlcOJNk", "expire_date": "2021-12-30T13:27:23.959Z"}}, {"model": "sessions.session", "pk": "hm6apo1n5eia2sx570dsreh60sgl3lea", "fields": {"session_data": ".eJxVjDsOwjAQBe_iGlnrLw4lfc5g7XptHECOFCcV4u4QKQW0b2beS0Tc1hq3npc4sbgIJU6_G2F65LYDvmO7zTLNbV0mkrsiD9rlOHN-Xg_376Bir986eI1wxmIoIQweDZcMYIAC62K1LoRgkw1BGfLkvUWFxZFCx6zcUMT7A-2YOD4:1mwiEY:UycunK5GXIfR-VLpleWwY5VfIujnIym7tJqQF4OkACg", "expire_date": "2021-12-27T10:07:02.219Z"}}, {"model": "sessions.session", "pk": "hvb8cvl3l1zc9uf2fuowc7dz8sjtdux2", "fields": {"session_data": ".eJxVjDsOwjAQRO_iGlnx-rMOJX3OYK3tDQ4gR4qTCnF3EikFFNPMezNvEWhbS9gaL2HK4iqUuPx2kdKT6wHyg-p9lmmu6zJFeSjypE0Oc-bX7XT_Dgq1sq8TG9YjoLIGEgB61GzJj-zzHmLdYfSQvSOrNaledUpZ5xiwBzKA4vMF3Q03GQ:1n2bBE:7VRXHNLqxJjYqhM3no6irGCx-ZU9x5RFxrZxXQEdA5I", "expire_date": "2022-01-12T15:47:56.479Z"}}, {"model": "sessions.session", "pk": "i781akhx0a1qok9iy8rlrervtblof0z0", "fields": {"session_data": ".eJxVjEsKwjAUAO-StYQkJeXFpXvPUN4nz1QlgX5WxbtLoAvdzgxzmAn3rUz7mpdpFnM13lx-GSG_cu1CnlgfzXKr2zKT7Yk97WrvTfL7drZ_g4Jr6VtAlSSkNEZWjORDGJEJQQhYQVBhYCc5sQ7eu6TRhwyMkECSS-bzBS7SOV0:1njx38:5M5Lh5S3hnwWpbWwlHgVug-oZQ1nXi1L39t7Yu6pK9A", "expire_date": "2022-05-12T05:50:46.448Z"}}, {"model": "sessions.session", "pk": "iqvphgoq3kqlqun431fggez0zgkapjdp", "fields": {"session_data": ".eJxVjDsOwjAQBe_iGlnrLw4lfc5g7XptHECOFCcV4u4QKQW0b2beS0Tc1hq3npc4sbgIJU6_G2F65LYDvmO7zTLNbV0mkrsiD9rlOHN-Xg_376Bir986eI1wxmIoIQweDZcMYIAC62K1LoRgkw1BGfLkvUWFxZFCx6zcUMT7A-2YOD4:1mwmZF:-70YNeHbzMryIPNWrLHIK7U5olTqeR7TszbeNTL53UE", "expire_date": "2021-12-27T14:44:41.688Z"}}, {"model": "sessions.session", "pk": "jxnctgyc3xazir607o27ufxwgoxl2tv3", "fields": {"session_data": ".eJxVjDsOwjAQBe_iGlnrLw4lfc5g7XptHECOFCcV4u4QKQW0b2beS0Tc1hq3npc4sbgIJU6_G2F65LYDvmO7zTLNbV0mkrsiD9rlOHN-Xg_376Bir986eI1wxmIoIQweDZcMYIAC62K1LoRgkw1BGfLkvUWFxZFCx6zcUMT7A-2YOD4:1mt8KY:tSmD79j3HwmNLihR2LFcxsgn7g4oWe1sxLkJV7PpiRU", "expire_date": "2021-12-17T13:10:26.382Z"}}, {"model": "sessions.session", "pk": "jyxu8b5k6ja5jh3rfjgjxkyg06awxb9u", "fields": {"session_data": ".eJxVjDsOwjAQRO_iGlnx-rMOJX3OYK3tDQ4gR4qTCnF3EikFFNPMezNvEWhbS9gaL2HK4iqUuPx2kdKT6wHyg-p9lmmu6zJFeSjypE0Oc-bX7XT_Dgq1sq8TG9YjoLIGEgB61GzJj-zzHmLdYfSQvSOrNaledUpZ5xiwBzKA4vMF3Q03GQ:1nA9qt:_T9fCGotqwALqvVfWtA2Uu_8ejA6xvcJ0dx4ONicdp0", "expire_date": "2022-02-02T12:14:11.042Z"}}, {"model": "sessions.session", "pk": "l1iqwwkfhesn0hnxvq0pkejaky5yyr76", "fields": {"session_data": ".eJxVjDsOwjAQBe_iGlnrLw4lfc5g7XptHECOFCcV4u4QKQW0b2beS0Tc1hq3npc4sbgIJU6_G2F65LYDvmO7zTLNbV0mkrsiD9rlOHN-Xg_376Bir986eI1wxmIoIQweDZcMYIAC62K1LoRgkw1BGfLkvUWFxZFCx6zcUMT7A-2YOD4:1mwKjU:nzJXbtVOa6FwE0ZFBCFYmGLC5xylVARkNxMfJViEQ7E", "expire_date": "2021-12-26T09:01:24.417Z"}}, {"model": "sessions.session", "pk": "l3dd45q0taewdvs8whvxprbkp3e6ipvb", "fields": {"session_data": ".eJxVjDsOwjAQBe_iGlnrLw4lfc5g7XptHECOFCcV4u4QKQW0b2beS0Tc1hq3npc4sbgIJU6_G2F65LYDvmO7zTLNbV0mkrsiD9rlOHN-Xg_376Bir986eI1wxmIoIQweDZcMYIAC62K1LoRgkw1BGfLkvUWFxZFCx6zcUMT7A-2YOD4:1mwmZD:BFHqKSSKx8W16-wYhYRGoYzYXZ4B1obCexNOPR3PcoQ", "expire_date": "2021-12-27T14:44:39.271Z"}}, {"model": "sessions.session", "pk": "l94nvuna6y0jb3ip7ci20omcjrxdwag6", "fields": {"session_data": ".eJxVjDkOwjAUBe_iGlmOV0xJnzNY_otxADlSnFSIu0OkFNC-mXkvkfK21rR1XtJE4iKMOP1ukPHBbQd0z-02S5zbukwgd0UetMtxJn5eD_fvoOZevzUHX2JArZyhM1DwDgervQ6OFVI0qMCbosmCihHBRnbokaAQEHg7iPcH4VA4aw:1mrGAZ:GZ6883BamQKj15mO4DkRUgVe3V4BCe6zLusb1e4ILQY", "expire_date": "2021-12-12T09:08:23.367Z"}}, {"model": "sessions.session", "pk": "lslodfpyq0y4cqfgjjdoxco9eddzesqp", "fields": {"session_data": ".eJxVjMsOwiAQRf-FtSHDo3Vw6b7fQAYGpGogKe3K-O_apAvd3nPOfQlP21r81tPiZxYXoZU4_Y6B4iPVnfCd6q3J2Oq6zEHuijxol1Pj9Lwe7t9BoV6-dRosGg2KdCaI7NgiK0YVLaPmbDgMxgKMoE1y2WLWyiJmOseR0QGI9wf_LTef:1n4fMZ:VUKMauOyFlokO9l-CsoRw_3bfCUd1g17kJq4VDgLGyk", "expire_date": "2022-01-18T08:40:11.904Z"}}, {"model": "sessions.session", "pk": "mhkwkygngr3octmuldelmis4n78o14kq", "fields": {"session_data": ".eJxVjEsKwjAUAO-StYQkJeXFpXvPUN4nz1QlgX5WxbtLoAvdzgxzmAn3rUz7mpdpFnM13lx-GSG_cu1CnlgfzXKr2zKT7Yk97WrvTfL7drZ_g4Jr6VtAlSSkNEZWjORDGJEJQQhYQVBhYCc5sQ7eu6TRhwyMkECSS-bzBS7SOV0:1ngOhD:I1HQGSxJj18WzBihqftgRpmsej8O_mIkYTx86MOsA9A", "expire_date": "2022-05-02T10:33:27.969Z"}}, {"model": "sessions.session", "pk": "mhvn92fur59xokr1ujysqyeeckzmmcdl", "fields": {"session_data": ".eJxVjDsOwjAQBe_iGlnrLw4lfc5g7XptHECOFCcV4u4QKQW0b2beS0Tc1hq3npc4sbgIJU6_G2F65LYDvmO7zTLNbV0mkrsiD9rlOHN-Xg_376Bir986eI1wxmIoIQweDZcMYIAC62K1LoRgkw1BGfLkvUWFxZFCx6zcUMT7A-2YOD4:1mt8KW:mX0R2uRAoR8RVOxEV6XrsI7eCMFWHRKsl6z_LswU20k", "expire_date": "2021-12-17T13:10:24.101Z"}}, {"model": "sessions.session", "pk": "n61u6315s3w7ito2765t09bf4fsytwbh", "fields": {"session_data": ".eJxVjDsOwjAQBe_iGlnrLw4lfc5g7XptHECOFCcV4u4QKQW0b2beS0Tc1hq3npc4sbgIJU6_G2F65LYDvmO7zTLNbV0mkrsiD9rlOHN-Xg_376Bir986eI1wxmIoIQweDZcMYIAC62K1LoRgkw1BGfLkvUWFxZFCx6zcUMT7A-2YOD4:1mucQo:g08lVDKyC1flHYDUZd8UOXPaFIL8OLcPMKdGGQE5YZs", "expire_date": "2021-12-21T15:31:02.008Z"}}, {"model": "sessions.session", "pk": "nhmehevk19gmbpx0wkephk7dhyj7xfen", "fields": {"session_data": ".eJxVjDsOwjAQRO_iGlnx-rMOJX3OYK3tDQ4gR4qTCnF3EikFFNPMezNvEWhbS9gaL2HK4iqUuPx2kdKT6wHyg-p9lmmu6zJFeSjypE0Oc-bX7XT_Dgq1sq8TG9YjoLIGEgB61GzJj-zzHmLdYfSQvSOrNaledUpZ5xiwBzKA4vMF3Q03GQ:1n4Mpg:DtyR8mHJePHfEK-vPFXQs8Bp6fBhyoGzqaK-M6awh-s", "expire_date": "2022-01-17T12:53:00.325Z"}}, {"model": "sessions.session", "pk": "om4nah24v0m1z7vjcjvk5fiz1v8so3eb", "fields": {"session_data": ".eJxVjDsOwjAQBe_iGlnrLw4lfc5g7XptHECOFCcV4u4QKQW0b2beS0Tc1hq3npc4sbgIJU6_G2F65LYDvmO7zTLNbV0mkrsiD9rlOHN-Xg_376Bir986eI1wxmIoIQweDZcMYIAC62K1LoRgkw1BGfLkvUWFxZFCx6zcUMT7A-2YOD4:1mt8KY:tSmD79j3HwmNLihR2LFcxsgn7g4oWe1sxLkJV7PpiRU", "expire_date": "2021-12-17T13:10:26.764Z"}}, {"model": "sessions.session", "pk": "onrh5fgevgm9ypaa0xtakepo7f8qbw7d", "fields": {"session_data": ".eJxVjDsOwjAQBe_iGlnrLw4lfc5g7XptHECOFCcV4u4QKQW0b2beS0Tc1hq3npc4sbgIJU6_G2F65LYDvmO7zTLNbV0mkrsiD9rlOHN-Xg_376Bir986eI1wxmIoIQweDZcMYIAC62K1LoRgkw1BGfLkvUWFxZFCx6zcUMT7A-2YOD4:1mwiFf:k6bNJxhA5D0ZjM2MF1kXBMwIDJ3_qj5I9NBUjOSvwLI", "expire_date": "2021-12-27T10:08:11.505Z"}}, {"model": "sessions.session", "pk": "paz1xgf4dm52g2kb4i1g5bzy9gwu74ic", "fields": {"session_data": ".eJxVjDsOwjAQBe_iGlnrLw4lfc5g7XptHECOFCcV4u4QKQW0b2beS0Tc1hq3npc4sbgIJU6_G2F65LYDvmO7zTLNbV0mkrsiD9rlOHN-Xg_376Bir986eI1wxmIoIQweDZcMYIAC62K1LoRgkw1BGfLkvUWFxZFCx6zcUMT7A-2YOD4:1mwllE:IuDj-IdJNsrfsuwqQpucQHMUn4kRoEnGxfmRxbIwfcg", "expire_date": "2021-12-27T13:53:00.817Z"}}, {"model": "sessions.session", "pk": "pbh2f8xx2cee3w3gz75bdv8plbun3lzd", "fields": {"session_data": ".eJxVjDsOwjAQBe_iGlnrLw4lfc5g7XptHECOFCcV4u4QKQW0b2beS0Tc1hq3npc4sbgIJU6_G2F65LYDvmO7zTLNbV0mkrsiD9rlOHN-Xg_376Bir986eI1wxmIoIQweDZcMYIAC62K1LoRgkw1BGfLkvUWFxZFCx6zcUMT7A-2YOD4:1mxTrU:_w6zVl8rQj3gasLxS_20O890vA4i-h1GmaOH9zuYcFs", "expire_date": "2021-12-29T12:58:24.880Z"}}, {"model": "sessions.session", "pk": "py1hbynlufq2zjrwxvwe5azlw7hnnp1u", "fields": {"session_data": ".eJxVjDsOwjAQBe_iGlnrLw4lfc5g7XptHECOFCcV4u4QKQW0b2beS0Tc1hq3npc4sbgIJU6_G2F65LYDvmO7zTLNbV0mkrsiD9rlOHN-Xg_376Bir986eI1wxmIoIQweDZcMYIAC62K1LoRgkw1BGfLkvUWFxZFCx6zcUMT7A-2YOD4:1mt8KY:tSmD79j3HwmNLihR2LFcxsgn7g4oWe1sxLkJV7PpiRU", "expire_date": "2021-12-17T13:10:26.153Z"}}, {"model": "sessions.session", "pk": "rfknbtc9faexh4mzkfff8z3k83ejhset", "fields": {"session_data": ".eJxVjEsKwjAUAO-StYQkJeXFpXvPUN4nz1QlgX5WxbtLoAvdzgxzmAn3rUz7mpdpFnM13lx-GSG_cu1CnlgfzXKr2zKT7Yk97WrvTfL7drZ_g4Jr6VtAlSSkNEZWjORDGJEJQQhYQVBhYCc5sQ7eu6TRhwyMkECSS-bzBS7SOV0:1ndnJF:Hb-D1R0Y99YUM43Xa_Bl3m6cimPnyMvq6PWv50_5Ytc", "expire_date": "2022-04-25T06:13:57.015Z"}}, {"model": "sessions.session", "pk": "se6aug4bhrahz28gyz2195cybfhq8mii", "fields": {"session_data": ".eJxVjDsOwjAQBe_iGlnrLw4lfc5g7XptHECOFCcV4u4QKQW0b2beS0Tc1hq3npc4sbgIJU6_G2F65LYDvmO7zTLNbV0mkrsiD9rlOHN-Xg_376Bir986eI1wxmIoIQweDZcMYIAC62K1LoRgkw1BGfLkvUWFxZFCx6zcUMT7A-2YOD4:1mt8KW:mX0R2uRAoR8RVOxEV6XrsI7eCMFWHRKsl6z_LswU20k", "expire_date": "2021-12-17T13:10:24.505Z"}}, {"model": "sessions.session", "pk": "t0t947f8pim9656uyl69a3kbjcmoedjm", "fields": {"session_data": ".eJxVjEsKwjAUAO-StYQkJeXFpXvPUN4nz1QlgX5WxbtLoAvdzgxzmAn3rUz7mpdpFnM13lx-GSG_cu1CnlgfzXKr2zKT7Yk97WrvTfL7drZ_g4Jr6VtAlSSkNEZWjORDGJEJQQhYQVBhYCc5sQ7eu6TRhwyMkECSS-bzBS7SOV0:1ntWeH:vV52MgqIVdsWZFRSMPRty8Z27WhV_ibpnq08CuyW81A", "expire_date": "2022-06-07T15:40:41.684Z"}}, {"model": "sessions.session", "pk": "t6ywozbr5dim33gi8incqkbjutyjyxan", "fields": {"session_data": ".eJxVjEEOgjAURO_StWlKaf-3Lt1zBjK0H0FNm1BYGe-uJCx0O--9eake2zr1W5Wln5O6KFKn321AfEjeQboj34qOJa_LPOhd0QetuitJntfD_TuYUKdvLRGwgiYkEHkZIU0LbwI4jNa4RMyRoiMTzuzYih-dkGmTgGVgC_X-AAaOOGw:1muFCQ:Mk1Lejjmm4h1qG695LhpYjR2ufpp4DftAF9l3tA6chw", "expire_date": "2021-12-20T14:42:38.482Z"}}, {"model": "sessions.session", "pk": "tmvosg9gbgsvr3jc5m04cfvn9549rima", "fields": {"session_data": ".eJxVjDsOwjAQBe_iGlnrLw4lfc5g7XptHECOFCcV4u4QKQW0b2beS0Tc1hq3npc4sbgIJU6_G2F65LYDvmO7zTLNbV0mkrsiD9rlOHN-Xg_376Bir986eI1wxmIoIQweDZcMYIAC62K1LoRgkw1BGfLkvUWFxZFCx6zcUMT7A-2YOD4:1mt9NR:ssNxE3CWY6GtemhM6LUE1bya8HacCcLdht0DIWf3r_c", "expire_date": "2021-12-17T14:17:29.617Z"}}, {"model": "sessions.session", "pk": "tvfvh3mhmmi4we4nd91lbec0rzijxmzh", "fields": {"session_data": ".eJxVjDsOwjAQRO_iGlnx-rMOJX3OYK3tDQ4gR4qTCnF3EikFFNPMezNvEWhbS9gaL2HK4iqUuPx2kdKT6wHyg-p9lmmu6zJFeSjypE0Oc-bX7XT_Dgq1sq8TG9YjoLIGEgB61GzJj-zzHmLdYfSQvSOrNaledUpZ5xiwBzKA4vMF3Q03GQ:1myGQ2:eDpiRBf3kzh50EnK7X_vEHysPAGKu4FBUZstrkGJXqE", "expire_date": "2021-12-31T16:49:18.438Z"}}, {"model": "sessions.session", "pk": "uiesqmnyzh7ra8phfj7jyh0p7n8o1xei", "fields": {"session_data": ".eJxVjDsOwjAQBe_iGlnrLw4lfc5g7XptHECOFCcV4u4QKQW0b2beS0Tc1hq3npc4sbgIJU6_G2F65LYDvmO7zTLNbV0mkrsiD9rlOHN-Xg_376Bir986eI1wxmIoIQweDZcMYIAC62K1LoRgkw1BGfLkvUWFxZFCx6zcUMT7A-2YOD4:1mt8KW:mX0R2uRAoR8RVOxEV6XrsI7eCMFWHRKsl6z_LswU20k", "expire_date": "2021-12-17T13:10:24.669Z"}}, {"model": "sessions.session", "pk": "ul4xnjufg4cb889j6yyzz3d4zk2x2sfd", "fields": {"session_data": ".eJxVjDsOwjAQBe_iGlnrLw4lfc5g7XptHECOFCcV4u4QKQW0b2beS0Tc1hq3npc4sbgIJU6_G2F65LYDvmO7zTLNbV0mkrsiD9rlOHN-Xg_376Bir986eI1wxmIoIQweDZcMYIAC62K1LoRgkw1BGfLkvUWFxZFCx6zcUMT7A-2YOD4:1muFHn:Ps5qAV425NYNMvLC8YZieDylQLxcNcVq6-3HF_nM3y4", "expire_date": "2021-12-20T14:48:11.228Z"}}, {"model": "sessions.session", "pk": "uzrirjzx690bpi4zd60fqtfhxtn76ph8", "fields": {"session_data": ".eJxVjDsOwjAQRO_iGlnx-rMOJX3OYK3tDQ4gR4qTCnF3EikFFNPMezNvEWhbS9gaL2HK4iqUuPx2kdKT6wHyg-p9lmmu6zJFeSjypE0Oc-bX7XT_Dgq1sq8TG9YjoLIGEgB61GzJj-zzHmLdYfSQvSOrNaledUpZ5xiwBzKA4vMF3Q03GQ:1n6bWV:DclkHMqBWY3OhJfY3UlH7sLobSpBUtjPc2x4N8sTEEE", "expire_date": "2022-01-23T16:58:27.497Z"}}, {"model": "sessions.session", "pk": "v0q9np01tqyh3ieyuoe7yd9vqrbx57wq", "fields": {"session_data": ".eJxVjEEOwiAQRe_C2pBCgKEu3XsGMswMUjU0Ke3KeHdt0oVu_3vvv1TCba1p67KkidVZeXX63TLSQ9oO-I7tNmua27pMWe-KPmjX15nleTncv4OKvX7rIDQwWgfWsRnFuWgNYSjegANfCnqIAQxlLsgxGhhcHslCJDQShdX7A9-6OBM:1msPF8:Z7jC-bF82B8wLdMwV8gt6b00Jbyvf_pzY1rWuGH-5_U", "expire_date": "2021-12-15T13:01:50.276Z"}}, {"model": "sessions.session", "pk": "v1lop3a5wmy3i110a4bvv3qfxzh1qm45", "fields": {"session_data": ".eJxVjDsOwjAQRO_iGlnx-rMOJX3OYK3tDQ4gR4qTCnF3EikFFNPMezNvEWhbS9gaL2HK4iqUuPx2kdKT6wHyg-p9lmmu6zJFeSjypE0Oc-bX7XT_Dgq1sq8TG9YjoLIGEgB61GzJj-zzHmLdYfSQvSOrNaledUpZ5xiwBzKA4vMF3Q03GQ:1n4eVg:iiODr_6ZAdc1W9cgqFNK3etKNc2h0iHhFMDAUL5v70k", "expire_date": "2022-01-18T07:45:32.755Z"}}, {"model": "sessions.session", "pk": "vi4ndxpyrgqmhbsqqh2had6pr3theyyb", "fields": {"session_data": ".eJxVjDsOwjAQBe_iGlnrLw4lfc5g7XptHECOFCcV4u4QKQW0b2beS0Tc1hq3npc4sbgIJU6_G2F65LYDvmO7zTLNbV0mkrsiD9rlOHN-Xg_376Bir986eI1wxmIoIQweDZcMYIAC62K1LoRgkw1BGfLkvUWFxZFCx6zcUMT7A-2YOD4:1mxqWB:10GuHB05FEbNvGGQxnEeX-UqwQ5yxxSLbVC8XuckVbE", "expire_date": "2021-12-30T13:09:55.630Z"}}, {"model": "sessions.session", "pk": "vkr1zjlbl4kpok9vb7c6qyd7lyvouc13", "fields": {"session_data": ".eJxVjDsOwjAQRO_iGlnx-rMOJX3OYK3tDQ4gR4qTCnF3EikFFNPMezNvEWhbS9gaL2HK4iqUuPx2kdKT6wHyg-p9lmmu6zJFeSjypE0Oc-bX7XT_Dgq1sq8TG9YjoLIGEgB61GzJj-zzHmLdYfSQvSOrNaledUpZ5xiwBzKA4vMF3Q03GQ:1n4MQC:v7wkACn6Qd84Bt7iWoS1xgXm3q97VmcfZj8TV5SAMy0", "expire_date": "2022-01-17T12:26:40.368Z"}}, {"model": "sessions.session", "pk": "vngrpjplidt34ath4t6g06onhna8j2ub", "fields": {"session_data": ".eJxVjDsOwjAQBe_iGlnrLw4lfc5g7XptHECOFCcV4u4QKQW0b2beS0Tc1hq3npc4sbgIJU6_G2F65LYDvmO7zTLNbV0mkrsiD9rlOHN-Xg_376Bir986eI1wxmIoIQweDZcMYIAC62K1LoRgkw1BGfLkvUWFxZFCx6zcUMT7A-2YOD4:1mx2Cp:QpggcOq8oBHmNkdsJktCZVhKujdhA40LtHRR6SPxEf4", "expire_date": "2021-12-28T07:26:35.347Z"}}, {"model": "sessions.session", "pk": "vnn2xid01rbhypvj6mh9svoavnu4is4g", "fields": {"session_data": ".eJxVjEsKwjAUAO-StYQkJeXFpXvPUN4nz1QlgX5WxbtLoAvdzgxzmAn3rUz7mpdpFnM13lx-GSG_cu1CnlgfzXKr2zKT7Yk97WrvTfL7drZ_g4Jr6VtAlSSkNEZWjORDGJEJQQhYQVBhYCc5sQ7eu6TRhwyMkECSS-bzBS7SOV0:1nuCo4:x4UV1p8M62ZCvL7SpiDQyROPq6ghSj_jLl09j5GgwT8", "expire_date": "2022-06-09T12:41:36.743Z"}}, {"model": "sessions.session", "pk": "w2y965y47asvu9bvrfcvww5k83i90vej", "fields": {"session_data": ".eJxVjEsKwjAUAO-StYQkJeXFpXvPUN4nz1QlgX5WxbtLoAvdzgxzmAn3rUz7mpdpFnM13lx-GSG_cu1CnlgfzXKr2zKT7Yk97WrvTfL7drZ_g4Jr6VtAlSSkNEZWjORDGJEJQQhYQVBhYCc5sQ7eu6TRhwyMkECSS-bzBS7SOV0:1noIig:wgkvgk5awbSHfCWUmCA8fJbTvwwv9Z0epK-2F8GXnmc", "expire_date": "2022-05-24T05:47:38.975Z"}}, {"model": "sessions.session", "pk": "x256fo987r5xkflcnwioienewcoscixl", "fields": {"session_data": ".eJxVjEsKwjAUAO-StYQkJeXFpXvPUN4nz1QlgX5WxbtLoAvdzgxzmAn3rUz7mpdpFnM13lx-GSG_cu1CnlgfzXKr2zKT7Yk97WrvTfL7drZ_g4Jr6VtAlSSkNEZWjORDGJEJQQhYQVBhYCc5sQ7eu6TRhwyMkECSS-bzBS7SOV0:1neE9v:xePmH38h9K5RYjkhpsWD4BP0SquFMC-bLvrF1nohzpk", "expire_date": "2022-04-26T10:54:07.017Z"}}, {"model": "sessions.session", "pk": "xchpq1ovq3j6unfqot4hi0essrpehanu", "fields": {"session_data": ".eJxVjDsOwjAQRO_iGlnx-rMOJX3OYK3tDQ4gR4qTCnF3EikFFNPMezNvEWhbS9gaL2HK4iqUuPx2kdKT6wHyg-p9lmmu6zJFeSjypE0Oc-bX7XT_Dgq1sq8TG9YjoLIGEgB61GzJj-zzHmLdYfSQvSOrNaledUpZ5xiwBzKA4vMF3Q03GQ:1nA8Ex:ATPTGofAO46RbQ5ZzEWmjOeGM1VuiujkwXgTMvFXhT0", "expire_date": "2022-02-02T10:30:55.292Z"}}, {"model": "sessions.session", "pk": "xejwe73we8wegnulughfl1dfzhgspjwu", "fields": {"session_data": ".eJxVjDsOwjAQBe_iGlnrLw4lfc5g7XptHECOFCcV4u4QKQW0b2beS0Tc1hq3npc4sbgIJU6_G2F65LYDvmO7zTLNbV0mkrsiD9rlOHN-Xg_376Bir986eI1wxmIoIQweDZcMYIAC62K1LoRgkw1BGfLkvUWFxZFCx6zcUMT7A-2YOD4:1mt8KX:b3k4YNV8lVM70BrdR9MNOrDb3KNNvMYVn-GLnItXzq0", "expire_date": "2021-12-17T13:10:25.887Z"}}, {"model": "sessions.session", "pk": "xgs46o5or863oryqb3v6ycrjiugf5lmc", "fields": {"session_data": ".eJxVjDsOwjAQBe_iGlnrLw4lfc5g7XptHECOFCcV4u4QKQW0b2beS0Tc1hq3npc4sbgIJU6_G2F65LYDvmO7zTLNbV0mkrsiD9rlOHN-Xg_376Bir986eI1wxmIoIQweDZcMYIAC62K1LoRgkw1BGfLkvUWFxZFCx6zcUMT7A-2YOD4:1mt8KV:9C2uJkmwiAnYGPcM-Ckk6z4fozvsOEjrZ8IiZ7ndcAM", "expire_date": "2021-12-17T13:10:23.165Z"}}, {"model": "sessions.session", "pk": "yb70okemvm2jcrr7kubhd40sads71bh5", "fields": {"session_data": ".eJxVjDsOwjAQBe_iGlnrLw4lfc5g7XptHECOFCcV4u4QKQW0b2beS0Tc1hq3npc4sbgIJU6_G2F65LYDvmO7zTLNbV0mkrsiD9rlOHN-Xg_376Bir986eI1wxmIoIQweDZcMYIAC62K1LoRgkw1BGfLkvUWFxZFCx6zcUMT7A-2YOD4:1mrEUW:hgMF2u1r1fH6hFuFCdDnzHWS1prvMe8jLJbmqZ5kzFc", "expire_date": "2021-12-12T07:20:52.546Z"}}, {"model": "sessions.session", "pk": "yg39b5vlxkepp7g40bbjom3xcw1ff5yu", "fields": {"session_data": ".eJxVjDsOwjAQBe_iGlnrLw4lfc5g7XptHECOFCcV4u4QKQW0b2beS0Tc1hq3npc4sbgIJU6_G2F65LYDvmO7zTLNbV0mkrsiD9rlOHN-Xg_376Bir986eI1wxmIoIQweDZcMYIAC62K1LoRgkw1BGfLkvUWFxZFCx6zcUMT7A-2YOD4:1mrJgN:6UXvcRoZy9LC6NdSQ4KndYSiJx0LfY4vmWjgOTw5mWc", "expire_date": "2021-12-12T12:53:27.183Z"}}, {"model": "sessions.session", "pk": "yxmvv59ybo3npn14lfibofrprtvmehns", "fields": {"session_data": ".eJxVjDsOwjAQRO_iGlnx-rMOJX3OYK3tDQ4gR4qTCnF3EikFFNPMezNvEWhbS9gaL2HK4iqUuPx2kdKT6wHyg-p9lmmu6zJFeSjypE0Oc-bX7XT_Dgq1sq8TG9YjoLIGEgB61GzJj-zzHmLdYfSQvSOrNaledUpZ5xiwBzKA4vMF3Q03GQ:1myXYH:Xum4dJDztcxKLzoH_81dyHiQYFgszIjXfoDBzj696Aw", "expire_date": "2022-01-01T11:06:57.342Z"}}, {"model": "sessions.session", "pk": "zguq64qmlbqiz85on9qfjuy0nkk58c9k", "fields": {"session_data": ".eJxVjDsOwjAQBe_iGlnrLw4lfc5g7XptHECOFCcV4u4QKQW0b2beS0Tc1hq3npc4sbgIJU6_G2F65LYDvmO7zTLNbV0mkrsiD9rlOHN-Xg_376Bir986eI1wxmIoIQweDZcMYIAC62K1LoRgkw1BGfLkvUWFxZFCx6zcUMT7A-2YOD4:1muFE1:eLiBc7P262eU7-fZXuDIA5ebgiCYUuBlxb8VHPIlhW0", "expire_date": "2021-12-20T14:44:17.300Z"}}, {"model": "sessions.session", "pk": "zmdnu016r1usuy5v8xrq4wh6blbme05t", "fields": {"session_data": ".eJxVjDsOwjAQBe_iGlnrLw4lfc5g7XptHECOFCcV4u4QKQW0b2beS0Tc1hq3npc4sbgIJU6_G2F65LYDvmO7zTLNbV0mkrsiD9rlOHN-Xg_376Bir986eI1wxmIoIQweDZcMYIAC62K1LoRgkw1BGfLkvUWFxZFCx6zcUMT7A-2YOD4:1mt8KV:9C2uJkmwiAnYGPcM-Ckk6z4fozvsOEjrZ8IiZ7ndcAM", "expire_date": "2021-12-17T13:10:23.740Z"}}, {"model": "quizes.subjects1", "pk": 1, "fields": {"name": "Physics", "std": "3"}}, {"model": "quizes.subjects1", "pk": 2, "fields": {"name": "chemistry", "std": "3"}}, {"model": "quizes.subjects1", "pk": 3, "fields": {"name": "chemistry", "std": "5"}}, {"model": "quizes.subjects1", "pk": 4, "fields": {"name": "Science", "std": "8"}}, {"model": "quizes.subjects1", "pk": 5, "fields": {"name": "Science", "std": "9"}}, {"model": "quizes.subjects1", "pk": 6, "fields": {"name": "Science", "std": "10"}}, {"model": "quizes.subjects1", "pk": 7, "fields": {"name": "Physics", "std": "JEE"}}, {"model": "quizes.quiz", "pk": 1, "fields": {"subject": 1, "name": "Simple Math", "topic": "Calculations", "number_of_questions": 5, "time": 1, "required_score_to_pass": 60, "difficulty": "Easy"}}, {"model": "quizes.quiz", "pk": 2, "fields": {"subject": 1, "name": "test", "topic": "test", "number_of_questions": 2, "time": 1, "required_score_to_pass": 60, "difficulty": "Easy"}}, {"model": "quizes.quiz", "pk": 3, "fields": {"subject": 7, "name": "Current", "topic": "Current Electricity", "number_of_questions": 10, "time": 15, "required_score_to_pass": 30, "difficulty": "Medium"}}, {"model": "quizes.quiz", "pk": 4, "fields": {"subject": 1, "name": "chap-1", "topic": "thermo", "number_of_questions": 2, "time": 1, "required_score_to_pass": 20, "difficulty": "Easy"}}, {"model": "quizes.quiz", "pk": 5, "fields": {"subject": 1, "name": "Pysics3 Light", "topic": "Light", "number_of_questions": 2, "time": 1, "required_score_to_pass": 30, "difficulty": "Easy"}}, {"model": "quizes.quiz", "pk": 6, "fields": {"subject": 4, "name": "Ch. 1", "topic": "Living World and Classification of Microbes", "number_of_questions": 3, "time": 3, "required_score_to_pass": 30, "difficulty": "Easy"}}, {"model": "quizes.quiz", "pk": 7, "fields": {"subject": 6, "name": "Gravitation", "topic": "Chapter 2", "number_of_questions": 4, "time": 4, "required_score_to_pass": 30, "difficulty": "Easy"}}, {"model": "questions.question", "pk": 1, "fields": {"text": "1 + 1 = ?", "quiz": 1, "type_of_question": "MCQ", "created": "2021-11-27T02:47:38.466Z"}}, {"model": "questions.question", "pk": 2, "fields": {"text": "2 + 4 = ?", "quiz": 1, "type_of_question": "('MCQ', 'MCQ')", "created": "2021-11-27T02:48:07.340Z"}}, {"model": "questions.question", "pk": 3, "fields": {"text": "1 + 3 = ?", "quiz": 1, "type_of_question": "('MCQ', 'MCQ')", "created": "2021-11-27T02:48:40.736Z"}}, {"model": "questions.question", "pk": 5, "fields": {"text": "An electric heater is connected to the voltage supply. After few seconds, current gets its steady value then its initial current will be", "quiz": 3, "type_of_question": "('MCQ', 'MCQ')", "created": "2021-11-28T09:19:55.144Z"}}, {"model": "questions.question", "pk": 6, "fields": {"text": "In the series combination of two or more than two resistances", "quiz": 3, "type_of_question": "('MCQ', 'MCQ')", "created": "2021-11-28T09:25:49.094Z"}}, {"model": "questions.question", "pk": 7, "fields": {"text": "Combine three resistors 5 Q, 4.5 Q and 3 Q in such a way that the total resistance of this combination is maximum", "quiz": 3, "type_of_question": "('MCQ', 'MCQ')", "created": "2021-11-28T10:19:05.779Z"}}, {"model": "questions.question", "pk": 8, "fields": {"text": "In parallel combination of n cells, we obtain", "quiz": 3, "type_of_question": "('MCQ', 'MCQ')", "created": "2021-11-28T10:37:28.724Z"}}, {"model": "questions.question", "pk": 9, "fields": {"text": "In a Wheatstone bridge if the battery and galvanometer are interchanged then the deflection in galvanometer will", "quiz": 3, "type_of_question": "('MCQ', 'MCQ')", "created": "2021-11-28T10:41:07.063Z"}}, {"model": "questions.question", "pk": 10, "fields": {"text": "When a metal conductor connected to left gap of a meter bridge is heated, the balancing point", "quiz": 3, "type_of_question": "('MCQ', 'MCQ')", "created": "2021-11-28T10:47:57.438Z"}}, {"model": "questions.question", "pk": 11, "fields": {"text": "In a potentiometer of 10 wires, the balance point is obtained on the 7th wire. To shift the balance point to 9th wire, we should", "quiz": 3, "type_of_question": "('MCQ', 'MCQ')", "created": "2021-11-28T10:56:17.445Z"}}, {"model": "questions.question", "pk": 12, "fields": {"text": "A charge is moving across a junction, then", "quiz": 3, "type_of_question": "('MCQ', 'MCQ')", "created": "2021-11-28T11:02:55.372Z"}}, {"model": "questions.question", "pk": 13, "fields": {"text": "The resistivity of alloy manganin is", "quiz": 3, "type_of_question": "('MCQ', 'MCQ')", "created": "2021-11-28T11:10:43.186Z"}}, {"model": "questions.question", "pk": 14, "fields": {"text": "this is ____ in the blanks", "quiz": 1, "type_of_question": "Fill in the blanks", "created": "2021-12-13T10:06:34.910Z"}}, {"model": "questions.question", "pk": 15, "fields": {"text": "Abhi the _____", "quiz": 1, "type_of_question": "Fill in the blanks", "created": "2021-12-13T11:54:12.193Z"}}, {"model": "questions.question", "pk": 16, "fields": {"text": "Light is ____ radiation", "quiz": 5, "type_of_question": "MCQ", "created": "2021-12-15T13:41:31.162Z"}}, {"model": "questions.question", "pk": 17, "fields": {"text": "thermo", "quiz": 4, "type_of_question": "MCQ", "created": "2021-12-15T14:17:01.109Z"}}, {"model": "questions.question", "pk": 18, "fields": {"text": "Which of the following is unicellular organism?", "quiz": 6, "type_of_question": "MCQ", "created": "2021-12-20T07:00:20.764Z"}}, {"model": "questions.question", "pk": 19, "fields": {"text": "Which of the following is the life-style of plants?", "quiz": 6, "type_of_question": "MCQ", "created": "2021-12-20T07:02:36.557Z"}}, {"model": "questions.question", "pk": 20, "fields": {"text": "Among the living organisms, which organisms are largest in number?", "quiz": 6, "type_of_question": "MCQ", "created": "2021-12-20T07:06:54.156Z"}}, {"model": "questions.question", "pk": 21, "fields": {"text": "_______ is the amount of matter contained in a body.", "quiz": 7, "type_of_question": "MCQ", "created": "2022-05-10T06:10:43.464Z"}}, {"model": "questions.question", "pk": 22, "fields": {"text": "Weight is the measure of _______ ?", "quiz": 7, "type_of_question": "MCQ", "created": "2022-05-10T06:16:46.223Z"}}, {"model": "questions.answer", "pk": 1, "fields": {"text": "2", "correct": true, "question": 1, "created": "2021-11-27T02:47:38.468Z"}}, {"model": "questions.answer", "pk": 2, "fields": {"text": "3", "correct": false, "question": 1, "created": "2021-11-27T02:47:38.468Z"}}, {"model": "questions.answer", "pk": 3, "fields": {"text": "4", "correct": false, "question": 1, "created": "2021-11-27T02:47:38.469Z"}}, {"model": "questions.answer", "pk": 4, "fields": {"text": "7", "correct": false, "question": 2, "created": "2021-11-27T02:48:07.637Z"}}, {"model": "questions.answer", "pk": 5, "fields": {"text": "6", "correct": true, "question": 2, "created": "2021-11-27T02:48:07.637Z"}}, {"model": "questions.answer", "pk": 6, "fields": {"text": "4", "correct": false, "question": 2, "created": "2021-11-27T02:48:07.637Z"}}, {"model": "questions.answer", "pk": 7, "fields": {"text": "3", "correct": false, "question": 3, "created": "2021-11-27T02:48:41.031Z"}}, {"model": "questions.answer", "pk": 8, "fields": {"text": "4", "correct": true, "question": 3, "created": "2021-11-27T02:48:41.032Z"}}, {"model": "questions.answer", "pk": 9, "fields": {"text": "4", "correct": false, "question": 3, "created": "2021-11-27T02:48:41.034Z"}}, {"model": "questions.answer", "pk": 10, "fields": {"text": "7", "correct": false, "question": 3, "created": "2021-11-27T02:48:41.036Z"}}, {"model": "questions.answer", "pk": 14, "fields": {"text": "equal to its steady current", "correct": false, "question": 5, "created": "2021-11-28T09:19:55.144Z"}}, {"model": "questions.answer", "pk": 15, "fields": {"text": "slightly higher than its steady current", "correct": true, "question": 5, "created": "2021-11-28T09:19:55.144Z"}}, {"model": "questions.answer", "pk": 16, "fields": {"text": "slightly less than its steady current", "correct": false, "question": 5, "created": "2021-11-28T09:19:55.144Z"}}, {"model": "questions.answer", "pk": 17, "fields": {"text": "Zero", "correct": false, "question": 5, "created": "2021-11-28T09:19:55.144Z"}}, {"model": "questions.answer", "pk": 18, "fields": {"text": "(a) the current through each resistance is same.", "correct": true, "question": 6, "created": "2021-11-28T09:25:49.094Z"}}, {"model": "questions.answer", "pk": 19, "fields": {"text": "(b) the voltage through each resistance is same.", "correct": false, "question": 6, "created": "2021-11-28T09:25:49.094Z"}}, {"model": "questions.answer", "pk": 20, "fields": {"text": "(c) neither current nor voltage through each re-sistance is same.", "correct": false, "question": 6, "created": "2021-11-28T09:25:49.094Z"}}, {"model": "questions.answer", "pk": 21, "fields": {"text": "(d) both current and voltage through each resistance are same.", "correct": false, "question": 6, "created": "2021-11-28T09:25:49.094Z"}}, {"model": "questions.answer", "pk": 22, "fields": {"text": "12.5 Q", "correct": true, "question": 7, "created": "2021-11-28T10:19:05.779Z"}}, {"model": "questions.answer", "pk": 23, "fields": {"text": "13.5 Q", "correct": false, "question": 7, "created": "2021-11-28T10:19:05.779Z"}}, {"model": "questions.answer", "pk": 24, "fields": {"text": "14.5 Q", "correct": false, "question": 7, "created": "2021-11-28T10:19:05.795Z"}}, {"model": "questions.answer", "pk": 25, "fields": {"text": "16.5 Q", "correct": false, "question": 7, "created": "2021-11-28T10:19:05.795Z"}}, {"model": "questions.answer", "pk": 26, "fields": {"text": "(a) more voltage", "correct": false, "question": 8, "created": "2021-11-28T10:37:28.740Z"}}, {"model": "questions.answer", "pk": 27, "fields": {"text": "(b) more current", "correct": true, "question": 8, "created": "2021-11-28T10:37:28.740Z"}}, {"model": "questions.answer", "pk": 28, "fields": {"text": "(c) less voltage", "correct": false, "question": 8, "created": "2021-11-28T10:37:28.740Z"}}, {"model": "questions.answer", "pk": 29, "fields": {"text": "(d) less current", "correct": false, "question": 8, "created": "2021-11-28T10:37:28.740Z"}}, {"model": "questions.answer", "pk": 30, "fields": {"text": "(a) change in previous direction", "correct": false, "question": 9, "created": "2021-11-28T10:41:07.063Z"}}, {"model": "questions.answer", "pk": 31, "fields": {"text": "(b) not change", "correct": true, "question": 9, "created": "2021-11-28T10:41:07.079Z"}}, {"model": "questions.answer", "pk": 32, "fields": {"text": "(c) change in opposite direction", "correct": false, "question": 9, "created": "2021-11-28T10:41:07.079Z"}}, {"model": "questions.answer", "pk": 33, "fields": {"text": "(d) n", "correct": false, "question": 9, "created": "2021-11-28T10:41:07.079Z"}}, {"model": "questions.answer", "pk": 34, "fields": {"text": "(a) shifts towards right", "correct": true, "question": 10, "created": "2021-11-28T10:47:57.453Z"}}, {"model": "questions.answer", "pk": 35, "fields": {"text": "(b) shifts towards left", "correct": false, "question": 10, "created": "2021-11-28T10:47:57.453Z"}}, {"model": "questions.answer", "pk": 36, "fields": {"text": "(c) remains unchanged", "correct": false, "question": 10, "created": "2021-11-28T10:47:57.453Z"}}, {"model": "questions.answer", "pk": 37, "fields": {"text": "(d) remains at zero", "correct": false, "question": 10, "created": "2021-11-28T10:47:57.453Z"}}, {"model": "questions.answer", "pk": 38, "fields": {"text": "(a) decrease resistance in the main circuit.", "correct": false, "question": 11, "created": "2021-11-28T10:56:17.445Z"}}, {"model": "questions.answer", "pk": 39, "fields": {"text": "(b) increase resistance in the main circuit", "correct": false, "question": 11, "created": "2021-11-28T10:56:17.445Z"}}, {"model": "questions.answer", "pk": 40, "fields": {"text": "(c) decrease resistance in series with the cell whose emf is to be measured.", "correct": false, "question": 11, "created": "2021-11-28T10:56:17.445Z"}}, {"model": "questions.answer", "pk": 41, "fields": {"text": "(d) increase resistance in series with the cell whose emf is to be determined.", "correct": true, "question": 11, "created": "2021-11-28T10:56:17.445Z"}}, {"model": "questions.answer", "pk": 42, "fields": {"text": "(a) momentum will be conserved.", "correct": false, "question": 12, "created": "2021-11-28T11:02:55.372Z"}}, {"model": "questions.answer", "pk": 43, "fields": {"text": "(b) momentum will not be conserved.", "correct": false, "question": 12, "created": "2021-11-28T11:02:55.372Z"}}, {"model": "questions.answer", "pk": 44, "fields": {"text": "(c) at some places momenturii will be conserved and at some other places momentum will no", "correct": false, "question": 12, "created": "2021-11-28T11:02:55.372Z"}}, {"model": "questions.answer", "pk": 45, "fields": {"text": "(d) none of these.", "correct": true, "question": 12, "created": "2021-11-28T11:02:55.372Z"}}, {"model": "questions.answer", "pk": 46, "fields": {"text": "(a) Nearly independent of temperature", "correct": true, "question": 13, "created": "2021-11-28T11:10:43.186Z"}}, {"model": "questions.answer", "pk": 47, "fields": {"text": "(b) Increases rapidly with increase in temperature", "correct": false, "question": 13, "created": "2021-11-28T11:10:43.186Z"}}, {"model": "questions.answer", "pk": 48, "fields": {"text": "(c) Decreases with increase in temperature", "correct": false, "question": 13, "created": "2021-11-28T11:10:43.186Z"}}, {"model": "questions.answer", "pk": 49, "fields": {"text": "(d) Increases rapidly with decrease in temperature", "correct": false, "question": 13, "created": "2021-11-28T11:10:43.186Z"}}, {"model": "questions.answer", "pk": 54, "fields": {"text": "fill", "correct": true, "question": 14, "created": "2021-12-13T10:06:34.911Z"}}, {"model": "questions.answer", "pk": 55, "fields": {"text": "great", "correct": true, "question": 15, "created": "2021-12-13T11:54:12.195Z"}}, {"model": "questions.answer", "pk": 56, "fields": {"text": "EM", "correct": true, "question": 16, "created": "2021-12-15T13:41:31.166Z"}}, {"model": "questions.answer", "pk": 57, "fields": {"text": "electric", "correct": false, "question": 16, "created": "2021-12-15T13:41:31.168Z"}}, {"model": "questions.answer", "pk": 58, "fields": {"text": "magnetic", "correct": false, "question": 16, "created": "2021-12-15T13:41:31.170Z"}}, {"model": "questions.answer", "pk": 59, "fields": {"text": "1", "correct": true, "question": 17, "created": "2021-12-15T14:17:01.201Z"}}, {"model": "questions.answer", "pk": 60, "fields": {"text": "2", "correct": false, "question": 17, "created": "2021-12-15T14:17:01.203Z"}}, {"model": "questions.answer", "pk": 61, "fields": {"text": "3", "correct": false, "question": 17, "created": "2021-12-15T14:17:01.204Z"}}, {"model": "questions.answer", "pk": 62, "fields": {"text": "Bacteria", "correct": true, "question": 18, "created": "2021-12-20T07:00:20.837Z"}}, {"model": "questions.answer", "pk": 63, "fields": {"text": "Humans", "correct": false, "question": 18, "created": "2021-12-20T07:00:20.837Z"}}, {"model": "questions.answer", "pk": 64, "fields": {"text": "Plants", "correct": false, "question": 18, "created": "2021-12-20T07:00:20.838Z"}}, {"model": "questions.answer", "pk": 65, "fields": {"text": "Elephants", "correct": false, "question": 18, "created": "2021-12-20T07:00:20.838Z"}}, {"model": "questions.answer", "pk": 66, "fields": {"text": "Producers", "correct": true, "question": 19, "created": "2021-12-20T07:02:36.559Z"}}, {"model": "questions.answer", "pk": 67, "fields": {"text": "Consumers", "correct": false, "question": 19, "created": "2021-12-20T07:02:36.559Z"}}, {"model": "questions.answer", "pk": 68, "fields": {"text": "Decomposers", "correct": false, "question": 19, "created": "2021-12-20T07:02:36.559Z"}}, {"model": "questions.answer", "pk": 69, "fields": {"text": "Humans", "correct": false, "question": 20, "created": "2021-12-20T07:06:54.225Z"}}, {"model": "questions.answer", "pk": 70, "fields": {"text": "Plants", "correct": false, "question": 20, "created": "2021-12-20T07:06:54.226Z"}}, {"model": "questions.answer", "pk": 71, "fields": {"text": "Microorganisms", "correct": true, "question": 20, "created": "2021-12-20T07:06:54.226Z"}}, {"model": "questions.answer", "pk": 72, "fields": {"text": "Weight", "correct": false, "question": 21, "created": "2022-05-10T06:10:43.578Z"}}, {"model": "questions.answer", "pk": 73, "fields": {"text": "Height", "correct": false, "question": 21, "created": "2022-05-10T06:10:43.673Z"}}, {"model": "questions.answer", "pk": 74, "fields": {"text": "Mass", "correct": true, "question": 21, "created": "2022-05-10T06:10:43.746Z"}}, {"model": "questions.answer", "pk": 75, "fields": {"text": "Speed", "correct": false, "question": 21, "created": "2022-05-10T06:10:43.852Z"}}, {"model": "questions.answer", "pk": 76, "fields": {"text": "Force", "correct": true, "question": 22, "created": "2022-05-10T06:16:46.697Z"}}, {"model": "questions.answer", "pk": 77, "fields": {"text": "Inertia", "correct": false, "question": 22, "created": "2022-05-10T06:16:46.780Z"}}, {"model": "questions.answer", "pk": 78, "fields": {"text": "Acceleration", "correct": false, "question": 22, "created": "2022-05-10T06:16:46.852Z"}}, {"model": "questions.answer", "pk": 79, "fields": {"text": "Speed", "correct": false, "question": 22, "created": "2022-05-10T06:16:46.902Z"}}, {"model": "results.result", "pk": 1, "fields": {"quiz": 1, "user": 1, "score": 66.66666666666667, "date": "2021-12-03T13:10:04.266Z", "date1": null, "std": null}}, {"model": "results.result", "pk": 2, "fields": {"quiz": 1, "user": 1, "score": 0.0, "date": "2021-12-03T13:10:04.266Z", "date1": null, "std": null}}, {"model": "results.result", "pk": 3, "fields": {"quiz": 1, "user": 1, "score": 0.0, "date": "2021-12-03T13:10:04.266Z", "date1": null, "std": null}}, {"model": "results.result", "pk": 4, "fields": {"quiz": 1, "user": 1, "score": 0.0, "date": "2021-12-03T13:10:04.266Z", "date1": null, "std": null}}, {"model": "results.result", "pk": 5, "fields": {"quiz": 1, "user": 1, "score": 33.333333333333336, "date": "2021-12-03T13:10:04.266Z", "date1": null, "std": null}}, {"model": "results.result", "pk": 6, "fields": {"quiz": 1, "user": 1, "score": 33.333333333333336, "date": "2021-12-03T13:10:04.266Z", "date1": null, "std": null}}, {"model": "results.result", "pk": 7, "fields": {"quiz": 1, "user": 1, "score": 0.0, "date": "2021-12-03T13:10:04.266Z", "date1": null, "std": null}}, {"model": "results.result", "pk": 8, "fields": {"quiz": 1, "user": 1, "score": 66.66666666666667, "date": "2021-12-03T13:10:04.266Z", "date1": null, "std": null}}, {"model": "results.result", "pk": 9, "fields": {"quiz": 1, "user": 1, "score": 66.66666666666667, "date": "2021-12-03T13:10:04.266Z", "date1": null, "std": null}}, {"model": "results.result", "pk": 10, "fields": {"quiz": 1, "user": 1, "score": 33.333333333333336, "date": "2021-12-03T13:10:04.266Z", "date1": null, "std": null}}, {"model": "results.result", "pk": 11, "fields": {"quiz": 1, "user": 1, "score": 66.66666666666667, "date": "2021-12-03T13:10:04.266Z", "date1": null, "std": null}}, {"model": "results.result", "pk": 12, "fields": {"quiz": 1, "user": 1, "score": 33.333333333333336, "date": "2021-12-03T13:10:04.266Z", "date1": null, "std": null}}, {"model": "results.result", "pk": 13, "fields": {"quiz": 1, "user": 1, "score": 0.0, "date": "2021-12-03T13:10:04.266Z", "date1": null, "std": null}}, {"model": "results.result", "pk": 14, "fields": {"quiz": 1, "user": 1, "score": 0.0, "date": "2021-12-03T13:10:04.266Z", "date1": null, "std": null}}, {"model": "results.result", "pk": 15, "fields": {"quiz": 1, "user": 1, "score": 33.333333333333336, "date": "2021-12-03T13:10:04.266Z", "date1": null, "std": null}}, {"model": "results.result", "pk": 16, "fields": {"quiz": 1, "user": 1, "score": 0.0, "date": "2021-12-03T13:10:04.266Z", "date1": null, "std": null}}, {"model": "results.result", "pk": 17, "fields": {"quiz": 1, "user": 1, "score": 100.0, "date": "2021-12-03T13:10:04.266Z", "date1": null, "std": null}}, {"model": "results.result", "pk": 18, "fields": {"quiz": 1, "user": 1, "score": 66.66666666666667, "date": "2021-12-03T13:10:04.266Z", "date1": null, "std": null}}, {"model": "results.result", "pk": 19, "fields": {"quiz": 1, "user": 1, "score": 66.66666666666667, "date": "2021-12-03T13:10:04.266Z", "date1": null, "std": null}}, {"model": "results.result", "pk": 20, "fields": {"quiz": 1, "user": 1, "score": 66.66666666666667, "date": "2021-12-03T13:10:04.266Z", "date1": null, "std": null}}, {"model": "results.result", "pk": 21, "fields": {"quiz": 1, "user": 1, "score": 100.0, "date": "2021-12-03T13:10:04.266Z", "date1": null, "std": null}}, {"model": "results.result", "pk": 22, "fields": {"quiz": 1, "user": 1, "score": 33.333333333333336, "date": "2021-12-03T13:10:04.266Z", "date1": null, "std": null}}, {"model": "results.result", "pk": 23, "fields": {"quiz": 1, "user": 1, "score": 0.0, "date": "2021-12-03T13:10:04.266Z", "date1": null, "std": null}}, {"model": "results.result", "pk": 24, "fields": {"quiz": 1, "user": 1, "score": 0.0, "date": "2021-12-03T13:10:04.266Z", "date1": null, "std": null}}, {"model": "results.result", "pk": 25, "fields": {"quiz": 1, "user": 1, "score": 0.0, "date": "2021-12-03T13:10:04.266Z", "date1": null, "std": null}}, {"model": "results.result", "pk": 26, "fields": {"quiz": 1, "user": 1, "score": 33.333333333333336, "date": "2021-12-03T13:10:04.266Z", "date1": null, "std": null}}, {"model": "results.result", "pk": 27, "fields": {"quiz": 1, "user": 1, "score": 33.333333333333336, "date": "2021-12-03T13:10:04.266Z", "date1": null, "std": null}}, {"model": "results.result", "pk": 28, "fields": {"quiz": 1, "user": 1, "score": 0.0, "date": "2021-12-03T13:10:04.266Z", "date1": null, "std": null}}, {"model": "results.result", "pk": 29, "fields": {"quiz": 1, "user": 1, "score": 0.0, "date": "2021-12-03T13:10:04.266Z", "date1": null, "std": null}}, {"model": "results.result", "pk": 30, "fields": {"quiz": 1, "user": 1, "score": 33.333333333333336, "date": "2021-12-03T13:10:04.266Z", "date1": null, "std": null}}, {"model": "results.result", "pk": 31, "fields": {"quiz": 1, "user": 2, "score": 0.0, "date": "2021-12-03T13:10:04.266Z", "date1": null, "std": null}}, {"model": "results.result", "pk": 32, "fields": {"quiz": 1, "user": 2, "score": 100.0, "date": "2021-12-03T13:10:04.266Z", "date1": null, "std": null}}, {"model": "results.result", "pk": 33, "fields": {"quiz": 1, "user": 2, "score": 100.0, "date": "2021-12-03T13:10:04.266Z", "date1": null, "std": null}}, {"model": "results.result", "pk": 34, "fields": {"quiz": 3, "user": 3, "score": 0.0, "date": "2021-12-03T13:10:04.266Z", "date1": null, "std": null}}, {"model": "results.result", "pk": 35, "fields": {"quiz": 1, "user": 3, "score": 33.333333333333336, "date": "2021-12-03T13:10:04.266Z", "date1": null, "std": null}}, {"model": "results.result", "pk": 36, "fields": {"quiz": 1, "user": 3, "score": 66.66666666666667, "date": "2021-12-03T13:10:04.266Z", "date1": null, "std": null}}, {"model": "results.result", "pk": 37, "fields": {"quiz": 1, "user": 1, "score": 0.0, "date": "2021-12-03T13:10:04.266Z", "date1": null, "std": null}}, {"model": "results.result", "pk": 38, "fields": {"quiz": 1, "user": 1, "score": 0.0, "date": "2021-12-03T13:10:04.266Z", "date1": null, "std": null}}, {"model": "results.result", "pk": 39, "fields": {"quiz": 1, "user": 3, "score": 33.333333333333336, "date": "2021-12-03T13:10:04.266Z", "date1": null, "std": null}}, {"model": "results.result", "pk": 42, "fields": {"quiz": 1, "user": 3, "score": 33.333333333333336, "date": "2021-12-03T13:10:04.266Z", "date1": null, "std": null}}, {"model": "results.result", "pk": 43, "fields": {"quiz": 1, "user": 3, "score": 0.0, "date": "2021-12-03T13:10:04.266Z", "date1": null, "std": null}}, {"model": "results.result", "pk": 44, "fields": {"quiz": 1, "user": 2, "score": 0.0, "date": "2021-12-03T13:10:04.266Z", "date1": null, "std": null}}, {"model": "results.result", "pk": 45, "fields": {"quiz": 1, "user": 2, "score": 33.333333333333336, "date": "2021-12-03T13:10:04.266Z", "date1": null, "std": null}}, {"model": "results.result", "pk": 46, "fields": {"quiz": 1, "user": 2, "score": 0.0, "date": "2021-12-03T13:10:04.266Z", "date1": null, "std": null}}, {"model": "results.result", "pk": 47, "fields": {"quiz": 1, "user": 3, "score": 100.0, "date": "2021-12-03T13:10:04.266Z", "date1": null, "std": null}}, {"model": "results.result", "pk": 48, "fields": {"quiz": 1, "user": 3, "score": 0.0, "date": "2021-12-03T13:10:04.266Z", "date1": null, "std": null}}, {"model": "results.result", "pk": 49, "fields": {"quiz": 2, "user": 1, "score": 0.0, "date": "2021-12-03T13:10:04.266Z", "date1": null, "std": null}}, {"model": "results.result", "pk": 50, "fields": {"quiz": 1, "user": 1, "score": 33.333333333333336, "date": "2021-12-03T13:10:04.266Z", "date1": null, "std": null}}, {"model": "results.result", "pk": 51, "fields": {"quiz": 1, "user": 1, "score": 33.333333333333336, "date": "2021-12-03T13:10:04.266Z", "date1": null, "std": null}}, {"model": "results.result", "pk": 52, "fields": {"quiz": 3, "user": 1, "score": 0.0, "date": "2021-12-03T13:10:04.266Z", "date1": null, "std": null}}, {"model": "results.result", "pk": 53, "fields": {"quiz": 1, "user": 1, "score": 100.0, "date": "2021-12-03T13:10:46.856Z", "date1": null, "std": null}}, {"model": "results.result", "pk": 54, "fields": {"quiz": 1, "user": 1, "score": 0.0, "date": "2021-12-03T13:13:48.261Z", "date1": null, "std": null}}, {"model": "results.result", "pk": 55, "fields": {"quiz": 1, "user": 1, "score": 0.0, "date": "2021-12-03T13:15:43.326Z", "date1": null, "std": null}}, {"model": "results.result", "pk": 56, "fields": {"quiz": 1, "user": 1, "score": 0.0, "date": "2021-12-03T13:27:05.031Z", "date1": "2021-12-03 18:57:05.030041", "std": null}}, {"model": "results.result", "pk": 57, "fields": {"quiz": 1, "user": 1, "score": 0.0, "date": "2021-12-03T13:30:13.893Z", "date1": "  19:00:13", "std": null}}, {"model": "results.result", "pk": 58, "fields": {"quiz": 1, "user": 1, "score": 0.0, "date": "2021-12-03T13:31:36.555Z", "date1": " 2021-12-03 19:01:36", "std": null}}, {"model": "results.result", "pk": 59, "fields": {"quiz": 1, "user": 3, "score": 0.0, "date": "2021-12-03T13:32:22.776Z", "date1": " 2021-12-03 19:02:22", "std": null}}, {"model": "results.result", "pk": 60, "fields": {"quiz": 1, "user": 3, "score": 0.0, "date": "2021-12-03T13:40:02.507Z", "date1": " 2021-12-03 19:10:02", "std": null}}, {"model": "results.result", "pk": 61, "fields": {"quiz": 1, "user": 3, "score": 0.0, "date": "2021-12-03T13:50:12.173Z", "date1": " 2021-12-03 19:20:12", "std": null}}, {"model": "results.result", "pk": 62, "fields": {"quiz": 1, "user": 3, "score": 0.0, "date": "2021-12-03T13:53:58.703Z", "date1": " 2021-12-03 19:23:58", "std": null}}, {"model": "results.result", "pk": 63, "fields": {"quiz": 1, "user": 1, "score": 33.333333333333336, "date": "2021-12-03T13:59:26.793Z", "date1": " 2021-12-03 19:29:26", "std": null}}, {"model": "results.result", "pk": 64, "fields": {"quiz": 1, "user": 3, "score": 0.0, "date": "2021-12-03T14:03:27.361Z", "date1": " 2021-12-03 19:33:27", "std": null}}, {"model": "results.result", "pk": 68, "fields": {"quiz": 3, "user": 7, "score": 20.0, "date": "2021-12-08T04:43:27.701Z", "date1": " 2021-12-08 04:43:27", "std": null}}, {"model": "results.result", "pk": 69, "fields": {"quiz": 1, "user": 1, "score": 0.0, "date": "2021-12-13T09:19:06.448Z", "date1": " 2021-12-13 14:49:06", "std": null}}, {"model": "results.result", "pk": 70, "fields": {"quiz": 1, "user": 1, "score": 33.333333333333336, "date": "2021-12-13T09:47:12.151Z", "date1": " 2021-12-13 15:17:12", "std": null}}, {"model": "results.result", "pk": 71, "fields": {"quiz": 1, "user": 1, "score": 0.0, "date": "2021-12-13T09:55:25.436Z", "date1": " 2021-12-13 15:25:25", "std": null}}, {"model": "results.result", "pk": 72, "fields": {"quiz": 1, "user": 1, "score": 0.0, "date": "2021-12-13T09:57:23.721Z", "date1": " 2021-12-13 15:27:23", "std": null}}, {"model": "results.result", "pk": 73, "fields": {"quiz": 1, "user": 1, "score": 0.0, "date": "2021-12-13T09:58:08.961Z", "date1": " 2021-12-13 15:28:08", "std": null}}, {"model": "results.result", "pk": 74, "fields": {"quiz": 1, "user": 1, "score": 0.0, "date": "2021-12-13T10:02:49.963Z", "date1": " 2021-12-13 15:32:49", "std": null}}, {"model": "results.result", "pk": 75, "fields": {"quiz": 2, "user": 1, "score": 0.0, "date": "2021-12-13T10:03:53.488Z", "date1": " 2021-12-13 15:33:53", "std": null}}, {"model": "results.result", "pk": 76, "fields": {"quiz": 1, "user": 1, "score": 0.0, "date": "2021-12-13T10:05:54.205Z", "date1": " 2021-12-13 15:35:54", "std": null}}, {"model": "results.result", "pk": 77, "fields": {"quiz": 1, "user": 1, "score": 0.0, "date": "2021-12-13T10:08:36.006Z", "date1": " 2021-12-13 15:38:36", "std": null}}, {"model": "results.result", "pk": 78, "fields": {"quiz": 1, "user": 1, "score": 0.0, "date": "2021-12-13T10:09:38.750Z", "date1": " 2021-12-13 15:39:38", "std": null}}, {"model": "results.result", "pk": 79, "fields": {"quiz": 1, "user": 1, "score": 0.0, "date": "2021-12-13T10:09:53.507Z", "date1": " 2021-12-13 15:39:53", "std": null}}, {"model": "results.result", "pk": 80, "fields": {"quiz": 1, "user": 1, "score": 0.0, "date": "2021-12-13T10:14:18.661Z", "date1": " 2021-12-13 15:44:18", "std": null}}, {"model": "results.result", "pk": 81, "fields": {"quiz": 1, "user": 1, "score": 0.0, "date": "2021-12-13T10:22:25.361Z", "date1": " 2021-12-13 15:52:25", "std": null}}, {"model": "results.result", "pk": 82, "fields": {"quiz": 1, "user": 1, "score": 0.0, "date": "2021-12-13T10:26:00.436Z", "date1": " 2021-12-13 15:56:00", "std": null}}, {"model": "results.result", "pk": 83, "fields": {"quiz": 1, "user": 1, "score": 0.0, "date": "2021-12-13T10:27:04.657Z", "date1": " 2021-12-13 15:57:04", "std": null}}, {"model": "results.result", "pk": 84, "fields": {"quiz": 1, "user": 1, "score": 75.0, "date": "2021-12-13T10:27:07.162Z", "date1": " 2021-12-13 15:57:07", "std": null}}, {"model": "results.result", "pk": 85, "fields": {"quiz": 1, "user": 1, "score": 25.0, "date": "2021-12-13T10:27:22.968Z", "date1": " 2021-12-13 15:57:22", "std": null}}, {"model": "results.result", "pk": 86, "fields": {"quiz": 1, "user": 1, "score": 25.0, "date": "2021-12-13T10:27:26.094Z", "date1": " 2021-12-13 15:57:26", "std": null}}, {"model": "results.result", "pk": 87, "fields": {"quiz": 1, "user": 1, "score": 25.0, "date": "2021-12-13T10:27:32.635Z", "date1": " 2021-12-13 15:57:32", "std": null}}, {"model": "results.result", "pk": 88, "fields": {"quiz": 1, "user": 1, "score": 25.0, "date": "2021-12-13T10:30:38.554Z", "date1": " 2021-12-13 16:00:38", "std": null}}, {"model": "results.result", "pk": 89, "fields": {"quiz": 1, "user": 1, "score": 25.0, "date": "2021-12-13T10:30:45.915Z", "date1": " 2021-12-13 16:00:45", "std": null}}, {"model": "results.result", "pk": 90, "fields": {"quiz": 1, "user": 1, "score": 0.0, "date": "2021-12-13T10:32:52.973Z", "date1": " 2021-12-13 16:02:52", "std": null}}, {"model": "results.result", "pk": 91, "fields": {"quiz": 1, "user": 1, "score": 0.0, "date": "2021-12-13T10:33:48.295Z", "date1": " 2021-12-13 16:03:48", "std": null}}, {"model": "results.result", "pk": 92, "fields": {"quiz": 1, "user": 1, "score": 75.0, "date": "2021-12-13T10:34:33.903Z", "date1": " 2021-12-13 16:04:33", "std": null}}, {"model": "results.result", "pk": 93, "fields": {"quiz": 1, "user": 1, "score": 75.0, "date": "2021-12-13T10:35:09.145Z", "date1": " 2021-12-13 16:05:09", "std": null}}, {"model": "results.result", "pk": 94, "fields": {"quiz": 1, "user": 1, "score": 75.0, "date": "2021-12-13T10:35:11.526Z", "date1": " 2021-12-13 16:05:11", "std": null}}, {"model": "results.result", "pk": 95, "fields": {"quiz": 1, "user": 1, "score": 75.0, "date": "2021-12-13T10:35:11.849Z", "date1": " 2021-12-13 16:05:11", "std": null}}, {"model": "results.result", "pk": 96, "fields": {"quiz": 1, "user": 1, "score": 25.0, "date": "2021-12-13T10:36:15.762Z", "date1": " 2021-12-13 16:06:15", "std": null}}, {"model": "results.result", "pk": 97, "fields": {"quiz": 1, "user": 1, "score": 75.0, "date": "2021-12-13T10:36:57.697Z", "date1": " 2021-12-13 16:06:57", "std": null}}, {"model": "results.result", "pk": 98, "fields": {"quiz": 1, "user": 1, "score": 25.0, "date": "2021-12-13T10:37:04.969Z", "date1": " 2021-12-13 16:07:04", "std": null}}, {"model": "results.result", "pk": 99, "fields": {"quiz": 1, "user": 1, "score": 25.0, "date": "2021-12-13T10:37:08.555Z", "date1": " 2021-12-13 16:07:08", "std": null}}, {"model": "results.result", "pk": 100, "fields": {"quiz": 1, "user": 1, "score": 25.0, "date": "2021-12-13T10:37:15.303Z", "date1": " 2021-12-13 16:07:15", "std": null}}, {"model": "results.result", "pk": 101, "fields": {"quiz": 1, "user": 1, "score": 25.0, "date": "2021-12-13T10:37:15.095Z", "date1": " 2021-12-13 16:07:15", "std": null}}, {"model": "results.result", "pk": 102, "fields": {"quiz": 1, "user": 1, "score": 25.0, "date": "2021-12-13T10:37:46.058Z", "date1": " 2021-12-13 16:07:46", "std": null}}, {"model": "results.result", "pk": 103, "fields": {"quiz": 1, "user": 1, "score": 25.0, "date": "2021-12-13T10:38:04.605Z", "date1": " 2021-12-13 16:08:04", "std": null}}, {"model": "results.result", "pk": 104, "fields": {"quiz": 1, "user": 1, "score": 0.0, "date": "2021-12-13T10:40:16.827Z", "date1": " 2021-12-13 16:10:16", "std": null}}, {"model": "results.result", "pk": 105, "fields": {"quiz": 1, "user": 1, "score": 50.0, "date": "2021-12-13T10:44:52.768Z", "date1": " 2021-12-13 16:14:52", "std": null}}, {"model": "results.result", "pk": 106, "fields": {"quiz": 1, "user": 1, "score": 25.0, "date": "2021-12-13T10:45:06.167Z", "date1": " 2021-12-13 16:15:06", "std": null}}, {"model": "results.result", "pk": 107, "fields": {"quiz": 1, "user": 1, "score": 25.0, "date": "2021-12-13T10:45:06.459Z", "date1": " 2021-12-13 16:15:06", "std": null}}, {"model": "results.result", "pk": 108, "fields": {"quiz": 1, "user": 1, "score": 0.0, "date": "2021-12-13T10:50:00.963Z", "date1": " 2021-12-13 16:20:00", "std": null}}, {"model": "results.result", "pk": 109, "fields": {"quiz": 1, "user": 1, "score": 25.0, "date": "2021-12-13T10:50:01.884Z", "date1": " 2021-12-13 16:20:01", "std": null}}, {"model": "results.result", "pk": 110, "fields": {"quiz": 1, "user": 1, "score": 25.0, "date": "2021-12-13T10:56:27.005Z", "date1": " 2021-12-13 16:26:27", "std": null}}, {"model": "results.result", "pk": 111, "fields": {"quiz": 1, "user": 1, "score": 0.0, "date": "2021-12-13T10:57:21.673Z", "date1": " 2021-12-13 16:27:21", "std": null}}, {"model": "results.result", "pk": 112, "fields": {"quiz": 1, "user": 1, "score": 0.0, "date": "2021-12-13T10:58:00.644Z", "date1": " 2021-12-13 16:28:00", "std": null}}, {"model": "results.result", "pk": 113, "fields": {"quiz": 1, "user": 1, "score": 0.0, "date": "2021-12-13T10:59:29.844Z", "date1": " 2021-12-13 16:29:29", "std": null}}, {"model": "results.result", "pk": 114, "fields": {"quiz": 1, "user": 1, "score": 0.0, "date": "2021-12-13T11:02:55.243Z", "date1": " 2021-12-13 16:32:55", "std": null}}, {"model": "results.result", "pk": 115, "fields": {"quiz": 1, "user": 1, "score": 0.0, "date": "2021-12-13T11:06:57.918Z", "date1": " 2021-12-13 16:36:57", "std": null}}, {"model": "results.result", "pk": 116, "fields": {"quiz": 1, "user": 1, "score": 0.0, "date": "2021-12-13T11:07:49.746Z", "date1": " 2021-12-13 16:37:49", "std": null}}, {"model": "results.result", "pk": 117, "fields": {"quiz": 1, "user": 1, "score": 50.0, "date": "2021-12-13T11:39:12.308Z", "date1": " 2021-12-13 17:09:12", "std": null}}, {"model": "results.result", "pk": 118, "fields": {"quiz": 1, "user": 1, "score": 0.0, "date": "2021-12-13T11:40:11.249Z", "date1": " 2021-12-13 17:10:11", "std": null}}, {"model": "results.result", "pk": 119, "fields": {"quiz": 1, "user": 1, "score": 0.0, "date": "2021-12-13T11:41:17.732Z", "date1": " 2021-12-13 17:11:17", "std": null}}, {"model": "results.result", "pk": 120, "fields": {"quiz": 1, "user": 1, "score": 0.0, "date": "2021-12-13T11:42:23.547Z", "date1": " 2021-12-13 17:12:23", "std": null}}, {"model": "results.result", "pk": 121, "fields": {"quiz": 1, "user": 1, "score": 0.0, "date": "2021-12-13T11:42:24.740Z", "date1": " 2021-12-13 17:12:24", "std": null}}, {"model": "results.result", "pk": 122, "fields": {"quiz": 1, "user": 1, "score": 0.0, "date": "2021-12-13T11:43:17.325Z", "date1": " 2021-12-13 17:13:17", "std": null}}, {"model": "results.result", "pk": 123, "fields": {"quiz": 1, "user": 1, "score": 0.0, "date": "2021-12-13T11:43:53.068Z", "date1": " 2021-12-13 17:13:53", "std": null}}, {"model": "results.result", "pk": 124, "fields": {"quiz": 1, "user": 1, "score": 0.0, "date": "2021-12-13T11:45:14.053Z", "date1": " 2021-12-13 17:15:14", "std": null}}, {"model": "results.result", "pk": 125, "fields": {"quiz": 1, "user": 1, "score": 0.0, "date": "2021-12-13T11:47:24.625Z", "date1": " 2021-12-13 17:17:24", "std": null}}, {"model": "results.result", "pk": 126, "fields": {"quiz": 1, "user": 1, "score": 0.0, "date": "2021-12-13T11:47:26.643Z", "date1": " 2021-12-13 17:17:26", "std": null}}, {"model": "results.result", "pk": 127, "fields": {"quiz": 1, "user": 1, "score": 0.0, "date": "2021-12-13T11:47:47.033Z", "date1": " 2021-12-13 17:17:47", "std": null}}, {"model": "results.result", "pk": 128, "fields": {"quiz": 1, "user": 1, "score": 0.0, "date": "2021-12-13T11:48:10.623Z", "date1": " 2021-12-13 17:18:10", "std": null}}, {"model": "results.result", "pk": 129, "fields": {"quiz": 1, "user": 1, "score": 75.0, "date": "2021-12-13T11:48:55.974Z", "date1": " 2021-12-13 17:18:55", "std": null}}, {"model": "results.result", "pk": 130, "fields": {"quiz": 1, "user": 1, "score": 0.0, "date": "2021-12-13T11:48:59.608Z", "date1": " 2021-12-13 17:18:59", "std": null}}, {"model": "results.result", "pk": 131, "fields": {"quiz": 1, "user": 1, "score": 25.0, "date": "2021-12-13T11:50:06.684Z", "date1": " 2021-12-13 17:20:06", "std": null}}, {"model": "results.result", "pk": 132, "fields": {"quiz": 1, "user": 1, "score": 50.0, "date": "2021-12-13T11:50:57.187Z", "date1": " 2021-12-13 17:20:57", "std": null}}, {"model": "results.result", "pk": 133, "fields": {"quiz": 1, "user": 1, "score": 100.0, "date": "2021-12-13T11:55:04.958Z", "date1": " 2021-12-13 17:25:04", "std": null}}, {"model": "results.result", "pk": 134, "fields": {"quiz": 1, "user": 1, "score": 60.0, "date": "2021-12-13T11:55:22.909Z", "date1": " 2021-12-13 17:25:22", "std": null}}, {"model": "results.result", "pk": 135, "fields": {"quiz": 1, "user": 1, "score": 0.0, "date": "2021-12-13T11:56:30.224Z", "date1": " 2021-12-13 17:26:30", "std": null}}, {"model": "results.result", "pk": 136, "fields": {"quiz": 1, "user": 15, "score": 80.0, "date": "2021-12-13T12:02:29.276Z", "date1": " 2021-12-13 17:32:29", "std": null}}, {"model": "results.result", "pk": 137, "fields": {"quiz": 1, "user": 1, "score": 100.0, "date": "2021-12-13T12:23:59.928Z", "date1": " 2021-12-13 17:53:59", "std": null}}, {"model": "results.result", "pk": 138, "fields": {"quiz": 1, "user": 1, "score": 100.0, "date": "2021-12-13T12:24:50.401Z", "date1": " 2021-12-13 17:54:50", "std": null}}, {"model": "results.result", "pk": 139, "fields": {"quiz": 4, "user": 1, "score": 0.0, "date": "2021-12-15T14:18:06.769Z", "date1": " 2021-12-15 19:48:06", "std": null}}, {"model": "results.result", "pk": 140, "fields": {"quiz": 4, "user": 1, "score": 0.0, "date": "2021-12-15T14:54:53.622Z", "date1": " 2021-12-15 20:24:53", "std": null}}, {"model": "results.result", "pk": 142, "fields": {"quiz": 5, "user": 1, "score": 50.0, "date": "2021-12-15T15:01:23.422Z", "date1": " 2021-12-15 20:31:23", "std": null}}, {"model": "results.result", "pk": 143, "fields": {"quiz": 4, "user": 1, "score": 0.0, "date": "2021-12-17T07:20:09.368Z", "date1": " 2021-12-17 12:50:09", "std": null}}, {"model": "results.result", "pk": 144, "fields": {"quiz": 4, "user": 1, "score": 0.0, "date": "2021-12-20T06:29:59.682Z", "date1": " 2021-12-20 11:59:59", "std": null}}, {"model": "results.result", "pk": 145, "fields": {"quiz": 5, "user": 21, "score": 50.0, "date": "2021-12-20T06:39:48.292Z", "date1": " 2021-12-20 12:09:48", "std": null}}, {"model": "results.result", "pk": 146, "fields": {"quiz": 5, "user": 21, "score": 50.0, "date": "2021-12-20T06:48:59.311Z", "date1": " 2021-12-20 12:18:59", "std": "3"}}, {"model": "results.result", "pk": 147, "fields": {"quiz": 6, "user": 21, "score": 100.0, "date": "2021-12-20T07:10:21.632Z", "date1": " 2021-12-20 12:40:21", "std": "3"}}, {"model": "results.result", "pk": 148, "fields": {"quiz": 6, "user": 21, "score": 0.0, "date": "2021-12-20T07:16:54.722Z", "date1": " 2021-12-20 12:46:54", "std": "3"}}, {"model": "results.result", "pk": 149, "fields": {"quiz": 6, "user": 21, "score": 0.0, "date": "2021-12-20T07:19:24.893Z", "date1": " 2021-12-20 12:49:24", "std": "3"}}, {"model": "results.result", "pk": 150, "fields": {"quiz": 6, "user": 21, "score": 0.0, "date": "2021-12-20T07:30:59.607Z", "date1": " 2021-12-20 13:00:59", "std": "3"}}, {"model": "results.result", "pk": 151, "fields": {"quiz": 6, "user": 21, "score": 0.0, "date": "2021-12-20T07:48:16.489Z", "date1": " 2021-12-20 13:18:16", "std": "3"}}, {"model": "results.result", "pk": 152, "fields": {"quiz": 6, "user": 21, "score": 100.0, "date": "2021-12-25T12:55:40.757Z", "date1": " 2021-12-25 18:25:40", "std": "3"}}, {"model": "results.result", "pk": 153, "fields": {"quiz": 6, "user": 21, "score": 66.66666666666667, "date": "2021-12-25T13:33:10.407Z", "date1": " 2021-12-25 19:03:10", "std": "8"}}, {"model": "results.result", "pk": 154, "fields": {"quiz": 6, "user": 22, "score": 33.333333333333336, "date": "2021-12-25T13:41:53.190Z", "date1": " 2021-12-25 19:11:53", "std": "8"}}, {"model": "results.result", "pk": 155, "fields": {"quiz": 6, "user": 23, "score": 100.0, "date": "2021-12-25T13:55:32.410Z", "date1": " 2021-12-25 19:25:32", "std": "8"}}, {"model": "results.result", "pk": 156, "fields": {"quiz": 4, "user": 1, "score": 0.0, "date": "2021-12-29T11:55:10.407Z", "date1": " 2021-12-29 17:25:10", "std": "3"}}, {"model": "results.result", "pk": 157, "fields": {"quiz": 5, "user": 1, "score": 50.0, "date": "2021-12-29T11:55:34.776Z", "date1": " 2021-12-29 17:25:34", "std": "3"}}, {"model": "results.result", "pk": 158, "fields": {"quiz": 5, "user": 1, "score": 50.0, "date": "2022-01-03T06:33:41.422Z", "date1": " 2022-01-03 12:03:41", "std": "3"}}, {"model": "results.result", "pk": 159, "fields": {"quiz": 5, "user": 2, "score": 50.0, "date": "2022-01-10T11:24:08.814Z", "date1": " 2022-01-10 16:54:08", "std": "3"}}, {"model": "results.result", "pk": 160, "fields": {"quiz": 5, "user": 2, "score": 100.0, "date": "2022-01-13T13:07:38.015Z", "date1": "2022-01-13 18:37:38", "std": "3"}}, {"model": "results.result", "pk": 161, "fields": {"quiz": 7, "user": 29, "score": 50.0, "date": "2022-05-10T06:37:27.769Z", "date1": " 2022-05-10 12:07:27", "std": "10"}}, {"model": "regester.profile1", "pk": 1, "fields": {"user": "rpras", "std": "3", "ref_code": "ecee0171386d", "reward_points": 0, "referred_by": ""}}, {"model": "regester.profile1", "pk": 3, "fields": {"user": "usertoday", "std": "3", "ref_code": "81f99040cf15", "reward_points": 0, "referred_by": ""}}, {"model": "regester.profile1", "pk": 4, "fields": {"user": "user1C8", "std": "8", "ref_code": "cda40b83e167", "reward_points": 0, "referred_by": ""}}, {"model": "regester.profile1", "pk": 5, "fields": {"user": "user2C8", "std": "8", "ref_code": "8a071f0517a3", "reward_points": 0, "referred_by": ""}}, {"model": "regester.profile1", "pk": 6, "fields": {"user": "abhi54", "std": "3", "ref_code": "121344961304", "reward_points": 0, "referred_by": ""}}, {"model": "regester.profile1", "pk": 7, "fields": {"user": "Siddhant", "std": "4", "ref_code": "6d3a4eaa0a49", "reward_points": 0, "referred_by": ""}}, {"model": "regester.profile1", "pk": 8, "fields": {"user": "Rahul", "std": "5", "ref_code": "10e7170da832", "reward_points": 0, "referred_by": ""}}, {"model": "regester.profile1", "pk": 9, "fields": {"user": "Shankar", "std": "10", "ref_code": "607f0a9b72ba", "reward_points": 0, "referred_by": ""}}, {"model": "regester.profile1", "pk": 10, "fields": {"user": "Harsh", "std": "11", "ref_code": "81ddaa178f99", "reward_points": 0, "referred_by": ""}}, {"model": "regester.profile1", "pk": 11, "fields": {"user": "Sarvesh", "std": "10", "ref_code": "2ea8d1791a66", "reward_points": 0, "referred_by": ""}}, {"model": "regester.profile1", "pk": 12, "fields": {"user": "Dnyaneshwar", "std": "10", "ref_code": "ce780bb23209", "reward_points": 0, "referred_by": ""}}, {"model": "regester.profile1", "pk": 13, "fields": {"user": "Mariya", "std": "10", "ref_code": "251064ed5ee9", "reward_points": 0, "referred_by": ""}}, {"model": "regester.profile1", "pk": 14, "fields": {"user": "Omkar", "std": "9", "ref_code": "6d51a2745abc", "reward_points": 0, "referred_by": ""}}, {"model": "regester.profile1", "pk": 15, "fields": {"user": "Anthony", "std": "8", "ref_code": "fa028f2e7567", "reward_points": 0, "referred_by": ""}}, {"model": "regester.profile1", "pk": 16, "fields": {"user": "prashant01", "std": "7", "ref_code": "f69c3d99b1e2", "reward_points": 0, "referred_by": ""}}, {"model": "regester.profile1", "pk": 17, "fields": {"user": "newuser", "std": "3", "ref_code": "621b3ca375a2", "reward_points": 10, "referred_by": ""}}, {"model": "regester.profile1", "pk": 19, "fields": {"user": "newuser2", "std": "3", "ref_code": "2c22f6e52f2f", "reward_points": 0, "referred_by": "newuser"}}, {"model": "regester.profile1", "pk": 20, "fields": {"user": "newuserrrr", "std": "5", "ref_code": "cb317824fee1", "reward_points": 0, "referred_by": ""}}, {"model": "regester.profile1", "pk": 21, "fields": {"user": "testing22222222", "std": "5", "ref_code": "999860d2719f", "reward_points": 0, "referred_by": ""}}, {"model": "regester.profile1", "pk": 22, "fields": {"user": "abhi1810", "std": "10", "ref_code": "53f6c94a8372", "reward_points": 0, "referred_by": ""}}, {"model": "payment.quizaccesstable", "pk": 1, "fields": {"user": "abhi54", "subjects": "Physics-3, ", "std": "3"}}, {"model": "payment.quizaccesstable", "pk": 3, "fields": {"user": "user1C8", "subjects": "Science-8, ", "std": "8"}}, {"model": "payment.quizaccesstable", "pk": 4, "fields": {"user": "user2C8", "subjects": "Science-8, ", "std": "8"}}, {"model": "payment.quizaccesstable", "pk": 5, "fields": {"user": "abhi1810", "subjects": "Science-10, ", "std": "10"}}, {"model": "attendance.attendancetable", "pk": 58, "fields": {"user": 1, "course_name": "Physics", "date": "2022-04-19", "attendance": "Present"}}, {"model": "attendance.attendancetable", "pk": 59, "fields": {"user": 21, "course_name": "Physics", "date": "2022-04-19", "attendance": "Absent"}}, {"model": "attendance.attendancetable", "pk": 60, "fields": {"user": 2, "course_name": "Physics", "date": "2022-04-19", "attendance": "Absent"}}, {"model": "attendance.attendancetable", "pk": 61, "fields": {"user": 24, "course_name": "Physics", "date": "2022-04-19", "attendance": "Absent"}}, {"model": "attendance.attendancetable", "pk": 62, "fields": {"user": 26, "course_name": "Physics", "date": "2022-04-19", "attendance": "Absent"}}, {"model": "attendance.attendancetable", "pk": 63, "fields": {"user": 1, "course_name": "Physics", "date": "2022-04-19", "attendance": "Present"}}, {"model": "attendance.attendancetable", "pk": 64, "fields": {"user": 21, "course_name": "Physics", "date": "2022-04-19", "attendance": "Absent"}}, {"model": "attendance.attendancetable", "pk": 65, "fields": {"user": 2, "course_name": "Physics", "date": "2022-04-19", "attendance": "Absent"}}, {"model": "attendance.attendancetable", "pk": 66, "fields": {"user": 24, "course_name": "Physics", "date": "2022-04-19", "attendance": "Absent"}}, {"model": "attendance.attendancetable", "pk": 67, "fields": {"user": 26, "course_name": "Physics", "date": "2022-04-19", "attendance": "Absent"}}, {"model": "attendance.attendancetable", "pk": 68, "fields": {"user": 1, "course_name": "Physics", "date": "2022-04-19", "attendance": "Present"}}, {"model": "attendance.attendancetable", "pk": 69, "fields": {"user": 21, "course_name": "Physics", "date": "2022-04-19", "attendance": "Absent"}}, {"model": "attendance.attendancetable", "pk": 70, "fields": {"user": 2, "course_name": "Physics", "date": "2022-04-19", "attendance": "Absent"}}, {"model": "attendance.attendancetable", "pk": 71, "fields": {"user": 24, "course_name": "Physics", "date": "2022-04-19", "attendance": "Absent"}}, {"model": "attendance.attendancetable", "pk": 72, "fields": {"user": 26, "course_name": "Physics", "date": "2022-04-19", "attendance": "Absent"}}, {"model": "attendance.attendancetable", "pk": 73, "fields": {"user": 1, "course_name": "Physics", "date": "2022-04-19", "attendance": "Present"}}, {"model": "attendance.attendancetable", "pk": 74, "fields": {"user": 21, "course_name": "Physics", "date": "2022-04-19", "attendance": "Absent"}}, {"model": "attendance.attendancetable", "pk": 75, "fields": {"user": 2, "course_name": "Physics", "date": "2022-04-19", "attendance": "Absent"}}, {"model": "attendance.attendancetable", "pk": 76, "fields": {"user": 24, "course_name": "Physics", "date": "2022-04-19", "attendance": "Absent"}}, {"model": "attendance.attendancetable", "pk": 77, "fields": {"user": 26, "course_name": "Physics", "date": "2022-04-19", "attendance": "Absent"}}]
